window,model,lead,blocked_rmse,unblocked_rmse,n_blocked,n_unblocked,lead_h,tag,bucket,season,start,end
2018-03-01_2018-05-31,HRES,1 days,50.8622925859936,50.54156909100244,84,98,24.0,MAM_2018,season,MAM,2018-03-01,2018-05-31
2018-03-01_2018-05-31,HRES,3 days,151.2570779401595,151.6780067602788,80,98,72.0,MAM_2018,season,MAM,2018-03-01,2018-05-31
2018-03-01_2018-05-31,HRES,5 days,338.64942683215327,334.512282360628,77,97,120.0,MAM_2018,season,MAM,2018-03-01,2018-05-31
2018-03-01_2018-05-31,HRES,7 days,567.500174858726,563.2571254638484,77,93,168.0,MAM_2018,season,MAM,2018-03-01,2018-05-31
2018-03-01_2018-05-31,GraphCast,1 days,,,0,0,24.0,MAM_2018,season,MAM,2018-03-01,2018-05-31
2018-03-01_2018-05-31,GraphCast,3 days,,,0,0,72.0,MAM_2018,season,MAM,2018-03-01,2018-05-31
2018-03-01_2018-05-31,GraphCast,5 days,,,0,0,120.0,MAM_2018,season,MAM,2018-03-01,2018-05-31
2018-03-01_2018-05-31,GraphCast,7 days,,,0,0,168.0,MAM_2018,season,MAM,2018-03-01,2018-05-31
2018-03-01_2018-05-31,NeuralGCM,1 days,,,0,0,24.0,MAM_2018,season,MAM,2018-03-01,2018-05-31
2018-03-01_2018-05-31,NeuralGCM,3 days,,,0,0,72.0,MAM_2018,season,MAM,2018-03-01,2018-05-31
2018-03-01_2018-05-31,NeuralGCM,5 days,,,0,0,120.0,MAM_2018,season,MAM,2018-03-01,2018-05-31
2018-03-01_2018-05-31,NeuralGCM,7 days,,,0,0,168.0,MAM_2018,season,MAM,2018-03-01,2018-05-31
2018-06-01_2018-08-31,HRES,1 days,50.04743429607397,49.11896232339495,47,135,24.0,JJA_2018,season,JJA,2018-06-01,2018-08-31
2018-06-01_2018-08-31,HRES,3 days,148.6315321328306,147.2029635676669,43,135,72.0,JJA_2018,season,JJA,2018-06-01,2018-08-31
2018-06-01_2018-08-31,HRES,5 days,324.04443605558527,322.3148248767172,39,135,120.0,JJA_2018,season,JJA,2018-06-01,2018-08-31
2018-06-01_2018-08-31,HRES,7 days,534.8990006442268,530.999400664408,39,131,168.0,JJA_2018,season,JJA,2018-06-01,2018-08-31
2018-06-01_2018-08-31,GraphCast,1 days,,,0,0,24.0,JJA_2018,season,JJA,2018-06-01,2018-08-31
2018-06-01_2018-08-31,GraphCast,3 days,,,0,0,72.0,JJA_2018,season,JJA,2018-06-01,2018-08-31
2018-06-01_2018-08-31,GraphCast,5 days,,,0,0,120.0,JJA_2018,season,JJA,2018-06-01,2018-08-31
2018-06-01_2018-08-31,GraphCast,7 days,,,0,0,168.0,JJA_2018,season,JJA,2018-06-01,2018-08-31
2018-06-01_2018-08-31,NeuralGCM,1 days,,,0,0,24.0,JJA_2018,season,JJA,2018-06-01,2018-08-31
2018-06-01_2018-08-31,NeuralGCM,3 days,,,0,0,72.0,JJA_2018,season,JJA,2018-06-01,2018-08-31
2018-06-01_2018-08-31,NeuralGCM,5 days,,,0,0,120.0,JJA_2018,season,JJA,2018-06-01,2018-08-31
2018-06-01_2018-08-31,NeuralGCM,7 days,,,0,0,168.0,JJA_2018,season,JJA,2018-06-01,2018-08-31
2018-09-01_2018-11-30,HRES,1 days,47.53925934564886,46.91047298046521,56,124,24.0,SON_2018,season,SON,2018-09-01,2018-11-30
2018-09-01_2018-11-30,HRES,3 days,141.45233657179529,138.78296802278896,54,122,72.0,SON_2018,season,SON,2018-09-01,2018-11-30
2018-09-01_2018-11-30,HRES,5 days,303.16637825520803,304.8755156066547,54,118,120.0,SON_2018,season,SON,2018-09-01,2018-11-30
2018-09-01_2018-11-30,HRES,7 days,513.8174029201414,518.8842739970457,50,118,168.0,SON_2018,season,SON,2018-09-01,2018-11-30
2018-09-01_2018-11-30,GraphCast,1 days,,,0,0,24.0,SON_2018,season,SON,2018-09-01,2018-11-30
2018-09-01_2018-11-30,GraphCast,3 days,,,0,0,72.0,SON_2018,season,SON,2018-09-01,2018-11-30
2018-09-01_2018-11-30,GraphCast,5 days,,,0,0,120.0,SON_2018,season,SON,2018-09-01,2018-11-30
2018-09-01_2018-11-30,GraphCast,7 days,,,0,0,168.0,SON_2018,season,SON,2018-09-01,2018-11-30
2018-09-01_2018-11-30,NeuralGCM,1 days,,,0,0,24.0,SON_2018,season,SON,2018-09-01,2018-11-30
2018-09-01_2018-11-30,NeuralGCM,3 days,,,0,0,72.0,SON_2018,season,SON,2018-09-01,2018-11-30
2018-09-01_2018-11-30,NeuralGCM,5 days,,,0,0,120.0,SON_2018,season,SON,2018-09-01,2018-11-30
2018-09-01_2018-11-30,NeuralGCM,7 days,,,0,0,168.0,SON_2018,season,SON,2018-09-01,2018-11-30
2018-12-01_2019-02-28,HRES,1 days,50.90333122348858,49.49078571183507,46,132,24.0,DJF_2019,season,DJF,2018-12-01,2019-02-28
2018-12-01_2019-02-28,HRES,3 days,146.86117610485758,143.41773950684868,46,128,72.0,DJF_2019,season,DJF,2018-12-01,2019-02-28
2018-12-01_2019-02-28,HRES,5 days,330.59032104330635,301.95372001048725,46,124,120.0,DJF_2019,season,DJF,2018-12-01,2019-02-28
2018-12-01_2019-02-28,HRES,7 days,531.4023739480374,509.1769307924469,46,120,168.0,DJF_2019,season,DJF,2018-12-01,2019-02-28
2018-12-01_2019-02-28,GraphCast,1 days,,,0,0,24.0,DJF_2019,season,DJF,2018-12-01,2019-02-28
2018-12-01_2019-02-28,GraphCast,3 days,,,0,0,72.0,DJF_2019,season,DJF,2018-12-01,2019-02-28
2018-12-01_2019-02-28,GraphCast,5 days,,,0,0,120.0,DJF_2019,season,DJF,2018-12-01,2019-02-28
2018-12-01_2019-02-28,GraphCast,7 days,,,0,0,168.0,DJF_2019,season,DJF,2018-12-01,2019-02-28
2018-12-01_2019-02-28,NeuralGCM,1 days,,,0,0,24.0,DJF_2019,season,DJF,2018-12-01,2019-02-28
2018-12-01_2019-02-28,NeuralGCM,3 days,,,0,0,72.0,DJF_2019,season,DJF,2018-12-01,2019-02-28
2018-12-01_2019-02-28,NeuralGCM,5 days,,,0,0,120.0,DJF_2019,season,DJF,2018-12-01,2019-02-28
2018-12-01_2019-02-28,NeuralGCM,7 days,,,0,0,168.0,DJF_2019,season,DJF,2018-12-01,2019-02-28
2019-03-01_2019-05-31,HRES,1 days,50.90722206976796,50.20032106290298,76,106,24.0,MAM_2019,season,MAM,2019-03-01,2019-05-31
2019-03-01_2019-05-31,HRES,3 days,147.80218398329288,148.2197358093518,76,102,72.0,MAM_2019,season,MAM,2019-03-01,2019-05-31
2019-03-01_2019-05-31,HRES,5 days,329.7224045341071,316.6555269109509,76,98,120.0,MAM_2019,season,MAM,2019-03-01,2019-05-31
2019-03-01_2019-05-31,HRES,7 days,540.748493420076,547.0206362910563,76,94,168.0,MAM_2019,season,MAM,2019-03-01,2019-05-31
2019-03-01_2019-05-31,GraphCast,1 days,,,0,0,24.0,MAM_2019,season,MAM,2019-03-01,2019-05-31
2019-03-01_2019-05-31,GraphCast,3 days,,,0,0,72.0,MAM_2019,season,MAM,2019-03-01,2019-05-31
2019-03-01_2019-05-31,GraphCast,5 days,,,0,0,120.0,MAM_2019,season,MAM,2019-03-01,2019-05-31
2019-03-01_2019-05-31,GraphCast,7 days,,,0,0,168.0,MAM_2019,season,MAM,2019-03-01,2019-05-31
2019-03-01_2019-05-31,NeuralGCM,1 days,,,0,0,24.0,MAM_2019,season,MAM,2019-03-01,2019-05-31
2019-03-01_2019-05-31,NeuralGCM,3 days,,,0,0,72.0,MAM_2019,season,MAM,2019-03-01,2019-05-31
2019-03-01_2019-05-31,NeuralGCM,5 days,,,0,0,120.0,MAM_2019,season,MAM,2019-03-01,2019-05-31
2019-03-01_2019-05-31,NeuralGCM,7 days,,,0,0,168.0,MAM_2019,season,MAM,2019-03-01,2019-05-31
2019-06-01_2019-08-31,HRES,1 days,49.66835360425797,48.75760462677919,66,116,24.0,JJA_2019,season,JJA,2019-06-01,2019-08-31
2019-06-01_2019-08-31,HRES,3 days,148.57868280990164,140.5445071695961,66,112,72.0,JJA_2019,season,JJA,2019-06-01,2019-08-31
2019-06-01_2019-08-31,HRES,5 days,316.90792293431275,302.94349258064085,65,109,120.0,JJA_2019,season,JJA,2019-06-01,2019-08-31
2019-06-01_2019-08-31,HRES,7 days,520.9129252144754,517.2023006274424,61,109,168.0,JJA_2019,season,JJA,2019-06-01,2019-08-31
2019-06-01_2019-08-31,GraphCast,1 days,,,0,0,24.0,JJA_2019,season,JJA,2019-06-01,2019-08-31
2019-06-01_2019-08-31,GraphCast,3 days,,,0,0,72.0,JJA_2019,season,JJA,2019-06-01,2019-08-31
2019-06-01_2019-08-31,GraphCast,5 days,,,0,0,120.0,JJA_2019,season,JJA,2019-06-01,2019-08-31
2019-06-01_2019-08-31,GraphCast,7 days,,,0,0,168.0,JJA_2019,season,JJA,2019-06-01,2019-08-31
2019-06-01_2019-08-31,NeuralGCM,1 days,,,0,0,24.0,JJA_2019,season,JJA,2019-06-01,2019-08-31
2019-06-01_2019-08-31,NeuralGCM,3 days,,,0,0,72.0,JJA_2019,season,JJA,2019-06-01,2019-08-31
2019-06-01_2019-08-31,NeuralGCM,5 days,,,0,0,120.0,JJA_2019,season,JJA,2019-06-01,2019-08-31
2019-06-01_2019-08-31,NeuralGCM,7 days,,,0,0,168.0,JJA_2019,season,JJA,2019-06-01,2019-08-31
2019-09-01_2019-11-30,HRES,1 days,46.474404880977545,46.06309220467024,31,149,24.0,SON_2019,season,SON,2019-09-01,2019-11-30
2019-09-01_2019-11-30,HRES,3 days,129.8359169819431,135.5027658978642,31,145,72.0,SON_2019,season,SON,2019-09-01,2019-11-30
2019-09-01_2019-11-30,HRES,5 days,283.1146007767296,299.3159236786885,31,141,120.0,SON_2019,season,SON,2019-09-01,2019-11-30
2019-09-01_2019-11-30,HRES,7 days,476.3164156911892,508.99195825270345,31,137,168.0,SON_2019,season,SON,2019-09-01,2019-11-30
2019-09-01_2019-11-30,GraphCast,1 days,36.50321287196428,36.77572796625181,15,13,24.0,SON_2019,season,SON,2019-09-01,2019-11-30
2019-09-01_2019-11-30,GraphCast,3 days,120.42728151806251,117.319910951034,15,9,72.0,SON_2019,season,SON,2019-09-01,2019-11-30
2019-09-01_2019-11-30,GraphCast,5 days,261.479595432145,266.94598067831373,14,6,120.0,SON_2019,season,SON,2019-09-01,2019-11-30
2019-09-01_2019-11-30,GraphCast,7 days,443.66717101727534,479.2971221148789,10,6,168.0,SON_2019,season,SON,2019-09-01,2019-11-30
2019-09-01_2019-11-30,NeuralGCM,1 days,,,0,0,24.0,SON_2019,season,SON,2019-09-01,2019-11-30
2019-09-01_2019-11-30,NeuralGCM,3 days,,,0,0,72.0,SON_2019,season,SON,2019-09-01,2019-11-30
2019-09-01_2019-11-30,NeuralGCM,5 days,,,0,0,120.0,SON_2019,season,SON,2019-09-01,2019-11-30
2019-09-01_2019-11-30,NeuralGCM,7 days,,,0,0,168.0,SON_2019,season,SON,2019-09-01,2019-11-30
2019-12-01_2020-02-29,HRES,1 days,49.76633108973813,48.75462352937984,29,151,24.0,DJF_2020,season,DJF,2019-12-01,2020-02-29
2019-12-01_2020-02-29,HRES,3 days,135.09753144707048,136.0000548165655,29,147,72.0,DJF_2020,season,DJF,2019-12-01,2020-02-29
2019-12-01_2020-02-29,HRES,5 days,294.8332184917457,288.5941329743328,29,143,120.0,DJF_2020,season,DJF,2019-12-01,2020-02-29
2019-12-01_2020-02-29,HRES,7 days,516.551236096955,482.8289876933509,29,139,168.0,DJF_2020,season,DJF,2019-12-01,2020-02-29
2019-12-01_2020-02-29,GraphCast,1 days,38.95192959843685,38.26849407315608,29,151,24.0,DJF_2020,season,DJF,2019-12-01,2020-02-29
2019-12-01_2020-02-29,GraphCast,3 days,118.4521386953964,117.13883655862844,29,147,72.0,DJF_2020,season,DJF,2019-12-01,2020-02-29
2019-12-01_2020-02-29,GraphCast,5 days,248.1750863700366,253.1085014016164,29,143,120.0,DJF_2020,season,DJF,2019-12-01,2020-02-29
2019-12-01_2020-02-29,GraphCast,7 days,448.85760536725,433.9381137491555,29,139,168.0,DJF_2020,season,DJF,2019-12-01,2020-02-29
2019-12-01_2020-02-29,NeuralGCM,1 days,36.93702929665987,37.643232281774544,24,94,24.0,DJF_2020,season,DJF,2019-12-01,2020-02-29
2019-12-01_2020-02-29,NeuralGCM,3 days,109.03920383429625,111.9884561858978,24,90,72.0,DJF_2020,season,DJF,2019-12-01,2020-02-29
2019-12-01_2020-02-29,NeuralGCM,5 days,237.93184531212933,251.45773798059344,24,86,120.0,DJF_2020,season,DJF,2019-12-01,2020-02-29
2019-12-01_2020-02-29,NeuralGCM,7 days,425.7329289110066,441.2458063714456,24,82,168.0,DJF_2020,season,DJF,2019-12-01,2020-02-29
2020-03-01_2020-05-31,HRES,1 days,47.956705182455,47.71848459462786,86,96,24.0,MAM_2020,season,MAM,2020-03-01,2020-05-31
2020-03-01_2020-05-31,HRES,3 days,143.75558714642855,141.40515550266556,86,92,72.0,MAM_2020,season,MAM,2020-03-01,2020-05-31
2020-03-01_2020-05-31,HRES,5 days,330.94526559067486,314.98469313722364,86,88,120.0,MAM_2020,season,MAM,2020-03-01,2020-05-31
2020-03-01_2020-05-31,HRES,7 days,565.8602551464227,557.2348273106915,86,84,168.0,MAM_2020,season,MAM,2020-03-01,2020-05-31
2020-03-01_2020-05-31,GraphCast,1 days,40.72509638657722,39.24682794487842,86,96,24.0,MAM_2020,season,MAM,2020-03-01,2020-05-31
2020-03-01_2020-05-31,GraphCast,3 days,129.83871975319605,126.5946370253113,86,92,72.0,MAM_2020,season,MAM,2020-03-01,2020-05-31
2020-03-01_2020-05-31,GraphCast,5 days,296.2721317496321,286.08200277767986,86,88,120.0,MAM_2020,season,MAM,2020-03-01,2020-05-31
2020-03-01_2020-05-31,GraphCast,7 days,524.9863138925347,486.4132405128194,86,84,168.0,MAM_2020,season,MAM,2020-03-01,2020-05-31
2020-03-01_2020-05-31,NeuralGCM,1 days,38.37232545345551,37.78415536568517,86,96,24.0,MAM_2020,season,MAM,2020-03-01,2020-05-31
2020-03-01_2020-05-31,NeuralGCM,3 days,121.0885983989585,118.41716591065556,86,92,72.0,MAM_2020,season,MAM,2020-03-01,2020-05-31
2020-03-01_2020-05-31,NeuralGCM,5 days,289.4290964736702,281.06884889317007,86,88,120.0,MAM_2020,season,MAM,2020-03-01,2020-05-31
2020-03-01_2020-05-31,NeuralGCM,7 days,514.9375331033616,497.1828284530234,86,84,168.0,MAM_2020,season,MAM,2020-03-01,2020-05-31
2020-06-01_2020-08-31,HRES,1 days,46.08891641469651,46.39598707798495,43,139,24.0,JJA_2020,season,JJA,2020-06-01,2020-08-31
2020-06-01_2020-08-31,HRES,3 days,136.11777708950711,136.07683899314873,39,139,72.0,JJA_2020,season,JJA,2020-06-01,2020-08-31
2020-06-01_2020-08-31,HRES,5 days,318.5190562730588,299.2902387112376,39,135,120.0,JJA_2020,season,JJA,2020-06-01,2020-08-31
2020-06-01_2020-08-31,HRES,7 days,539.8726588193061,505.13110467118815,39,131,168.0,JJA_2020,season,JJA,2020-06-01,2020-08-31
2020-06-01_2020-08-31,GraphCast,1 days,39.65114430335324,40.64231364575998,43,139,24.0,JJA_2020,season,JJA,2020-06-01,2020-08-31
2020-06-01_2020-08-31,GraphCast,3 days,126.67084367144092,127.11563148048656,39,139,72.0,JJA_2020,season,JJA,2020-06-01,2020-08-31
2020-06-01_2020-08-31,GraphCast,5 days,291.03579666833866,275.31002678564573,39,135,120.0,JJA_2020,season,JJA,2020-06-01,2020-08-31
2020-06-01_2020-08-31,GraphCast,7 days,485.7782026876213,459.4720550509753,39,131,168.0,JJA_2020,season,JJA,2020-06-01,2020-08-31
2020-06-01_2020-08-31,NeuralGCM,1 days,38.371720677816135,38.98417760082717,43,139,24.0,JJA_2020,season,JJA,2020-06-01,2020-08-31
2020-06-01_2020-08-31,NeuralGCM,3 days,120.58600577633324,116.69110355779392,39,139,72.0,JJA_2020,season,JJA,2020-06-01,2020-08-31
2020-06-01_2020-08-31,NeuralGCM,5 days,284.636060947705,266.39821437598533,39,135,120.0,JJA_2020,season,JJA,2020-06-01,2020-08-31
2020-06-01_2020-08-31,NeuralGCM,7 days,474.8718660799753,461.29572127695127,39,131,168.0,JJA_2020,season,JJA,2020-06-01,2020-08-31
2020-09-01_2020-11-30,HRES,1 days,45.93373910002563,45.40629989148713,39,141,24.0,SON_2020,season,SON,2020-09-01,2020-11-30
2020-09-01_2020-11-30,HRES,3 days,138.1279428304058,132.89572689093964,39,137,72.0,SON_2020,season,SON,2020-09-01,2020-11-30
2020-09-01_2020-11-30,HRES,5 days,306.3996712276393,294.0391211068136,39,133,120.0,SON_2020,season,SON,2020-09-01,2020-11-30
2020-09-01_2020-11-30,HRES,7 days,528.2669433405383,502.3354549608185,39,129,168.0,SON_2020,season,SON,2020-09-01,2020-11-30
2020-09-01_2020-11-30,GraphCast,1 days,39.24687273941317,39.2818838655429,39,141,24.0,SON_2020,season,SON,2020-09-01,2020-11-30
2020-09-01_2020-11-30,GraphCast,3 days,120.14782338506376,120.21067611579294,39,137,72.0,SON_2020,season,SON,2020-09-01,2020-11-30
2020-09-01_2020-11-30,GraphCast,5 days,282.27175041614123,255.171374829326,39,133,120.0,SON_2020,season,SON,2020-09-01,2020-11-30
2020-09-01_2020-11-30,GraphCast,7 days,462.350340821117,443.0556383851597,39,129,168.0,SON_2020,season,SON,2020-09-01,2020-11-30
2020-09-01_2020-11-30,NeuralGCM,1 days,37.68944070155114,37.42567476119603,39,141,24.0,SON_2020,season,SON,2020-09-01,2020-11-30
2020-09-01_2020-11-30,NeuralGCM,3 days,112.95431152331425,112.10407456511768,39,137,72.0,SON_2020,season,SON,2020-09-01,2020-11-30
2020-09-01_2020-11-30,NeuralGCM,5 days,266.3212835339201,250.86557500080303,39,133,120.0,SON_2020,season,SON,2020-09-01,2020-11-30
2020-09-01_2020-11-30,NeuralGCM,7 days,459.4673854494868,456.3251190293157,39,129,168.0,SON_2020,season,SON,2020-09-01,2020-11-30
2020-12-01_2021-02-28,HRES,1 days,46.4628171991866,47.18167003327241,32,146,24.0,DJF_2021,season,DJF,2020-12-01,2021-02-28
2020-12-01_2021-02-28,HRES,3 days,133.3619890918652,134.49980835614784,31,143,72.0,DJF_2021,season,DJF,2020-12-01,2021-02-28
2020-12-01_2021-02-28,HRES,5 days,290.32768076201813,296.2640671794825,30,140,120.0,DJF_2021,season,DJF,2020-12-01,2021-02-28
2020-12-01_2021-02-28,HRES,7 days,500.3537304168273,501.39265921997054,26,140,168.0,DJF_2021,season,DJF,2020-12-01,2021-02-28
2020-12-01_2021-02-28,GraphCast,1 days,39.314812992949015,38.81459644501938,27,97,24.0,DJF_2021,season,DJF,2020-12-01,2021-02-28
2020-12-01_2021-02-28,GraphCast,3 days,118.12144383947684,116.75981287484304,26,98,72.0,DJF_2021,season,DJF,2020-12-01,2021-02-28
2020-12-01_2021-02-28,GraphCast,5 days,249.91931533915965,250.88701504324845,25,99,120.0,DJF_2021,season,DJF,2020-12-01,2021-02-28
2020-12-01_2021-02-28,GraphCast,7 days,440.2027738120202,429.2600888568996,22,102,168.0,DJF_2021,season,DJF,2020-12-01,2021-02-28
2020-12-01_2021-02-28,NeuralGCM,1 days,36.90896953736711,36.34310178046928,16,46,24.0,DJF_2021,season,DJF,2020-12-01,2021-02-28
2020-12-01_2021-02-28,NeuralGCM,3 days,113.7323333038432,104.3689564836134,17,45,72.0,DJF_2021,season,DJF,2020-12-01,2021-02-28
2020-12-01_2021-02-28,NeuralGCM,5 days,243.58987880936675,228.79685134840443,20,42,120.0,DJF_2021,season,DJF,2020-12-01,2021-02-28
2020-12-01_2021-02-28,NeuralGCM,7 days,434.56831843236125,394.69956505862257,20,42,168.0,DJF_2021,season,DJF,2020-12-01,2021-02-28
2021-03-01_2021-05-31,HRES,1 days,47.06763223521905,46.80302542695185,80,102,24.0,MAM_2021,season,MAM,2021-03-01,2021-05-31
2021-03-01_2021-05-31,HRES,3 days,146.5841756364074,145.47059883472426,79,99,72.0,MAM_2021,season,MAM,2021-03-01,2021-05-31
2021-03-01_2021-05-31,HRES,5 days,331.5888843065796,334.580421648761,79,95,120.0,MAM_2021,season,MAM,2021-03-01,2021-05-31
2021-03-01_2021-05-31,HRES,7 days,559.7745158041612,574.7271523308287,79,91,168.0,MAM_2021,season,MAM,2021-03-01,2021-05-31
2021-03-01_2021-05-31,GraphCast,1 days,,,0,0,24.0,MAM_2021,season,MAM,2021-03-01,2021-05-31
2021-03-01_2021-05-31,GraphCast,3 days,,,0,0,72.0,MAM_2021,season,MAM,2021-03-01,2021-05-31
2021-03-01_2021-05-31,GraphCast,5 days,,,0,0,120.0,MAM_2021,season,MAM,2021-03-01,2021-05-31
2021-03-01_2021-05-31,GraphCast,7 days,,,0,0,168.0,MAM_2021,season,MAM,2021-03-01,2021-05-31
2021-03-01_2021-05-31,NeuralGCM,1 days,,,0,0,24.0,MAM_2021,season,MAM,2021-03-01,2021-05-31
2021-03-01_2021-05-31,NeuralGCM,3 days,,,0,0,72.0,MAM_2021,season,MAM,2021-03-01,2021-05-31
2021-03-01_2021-05-31,NeuralGCM,5 days,,,0,0,120.0,MAM_2021,season,MAM,2021-03-01,2021-05-31
2021-03-01_2021-05-31,NeuralGCM,7 days,,,0,0,168.0,MAM_2021,season,MAM,2021-03-01,2021-05-31
2021-06-01_2021-08-31,HRES,1 days,46.9033722118535,46.39992527395353,74,108,24.0,JJA_2021,season,JJA,2021-06-01,2021-08-31
2021-06-01_2021-08-31,HRES,3 days,142.98659940589462,140.5614744028072,70,108,72.0,JJA_2021,season,JJA,2021-06-01,2021-08-31
2021-06-01_2021-08-31,HRES,5 days,321.02108555176375,312.7363157709725,66,108,120.0,JJA_2021,season,JJA,2021-06-01,2021-08-31
2021-06-01_2021-08-31,HRES,7 days,527.8546936660687,518.2297261964175,66,104,168.0,JJA_2021,season,JJA,2021-06-01,2021-08-31
2021-06-01_2021-08-31,GraphCast,1 days,,,0,0,24.0,JJA_2021,season,JJA,2021-06-01,2021-08-31
2021-06-01_2021-08-31,GraphCast,3 days,,,0,0,72.0,JJA_2021,season,JJA,2021-06-01,2021-08-31
2021-06-01_2021-08-31,GraphCast,5 days,,,0,0,120.0,JJA_2021,season,JJA,2021-06-01,2021-08-31
2021-06-01_2021-08-31,GraphCast,7 days,,,0,0,168.0,JJA_2021,season,JJA,2021-06-01,2021-08-31
2021-06-01_2021-08-31,NeuralGCM,1 days,,,0,0,24.0,JJA_2021,season,JJA,2021-06-01,2021-08-31
2021-06-01_2021-08-31,NeuralGCM,3 days,,,0,0,72.0,JJA_2021,season,JJA,2021-06-01,2021-08-31
2021-06-01_2021-08-31,NeuralGCM,5 days,,,0,0,120.0,JJA_2021,season,JJA,2021-06-01,2021-08-31
2021-06-01_2021-08-31,NeuralGCM,7 days,,,0,0,168.0,JJA_2021,season,JJA,2021-06-01,2021-08-31
2021-09-01_2021-11-30,HRES,1 days,46.34423000695721,45.78872442807808,38,142,24.0,SON_2021,season,SON,2021-09-01,2021-11-30
2021-09-01_2021-11-30,HRES,3 days,130.6499946750424,136.13400027311522,36,140,72.0,SON_2021,season,SON,2021-09-01,2021-11-30
2021-09-01_2021-11-30,HRES,5 days,290.0930044626461,295.2399171918116,36,136,120.0,SON_2021,season,SON,2021-09-01,2021-11-30
2021-09-01_2021-11-30,HRES,7 days,505.388448662796,504.4792164055647,36,132,168.0,SON_2021,season,SON,2021-09-01,2021-11-30
2021-09-01_2021-11-30,GraphCast,1 days,,,0,0,24.0,SON_2021,season,SON,2021-09-01,2021-11-30
2021-09-01_2021-11-30,GraphCast,3 days,,,0,0,72.0,SON_2021,season,SON,2021-09-01,2021-11-30
2021-09-01_2021-11-30,GraphCast,5 days,,,0,0,120.0,SON_2021,season,SON,2021-09-01,2021-11-30
2021-09-01_2021-11-30,GraphCast,7 days,,,0,0,168.0,SON_2021,season,SON,2021-09-01,2021-11-30
2021-09-01_2021-11-30,NeuralGCM,1 days,,,0,0,24.0,SON_2021,season,SON,2021-09-01,2021-11-30
2021-09-01_2021-11-30,NeuralGCM,3 days,,,0,0,72.0,SON_2021,season,SON,2021-09-01,2021-11-30
2021-09-01_2021-11-30,NeuralGCM,5 days,,,0,0,120.0,SON_2021,season,SON,2021-09-01,2021-11-30
2021-09-01_2021-11-30,NeuralGCM,7 days,,,0,0,168.0,SON_2021,season,SON,2021-09-01,2021-11-30
2021-12-01_2022-02-28,HRES,1 days,47.09614043178911,47.00651268771392,48,130,24.0,DJF_2022,season,DJF,2021-12-01,2022-02-28
2021-12-01_2022-02-28,HRES,3 days,136.90373362054626,137.46820536135724,48,126,72.0,DJF_2022,season,DJF,2021-12-01,2022-02-28
2021-12-01_2022-02-28,HRES,5 days,306.06030129555006,292.0993883500988,48,122,120.0,DJF_2022,season,DJF,2021-12-01,2022-02-28
2021-12-01_2022-02-28,HRES,7 days,514.6710387651627,498.1414448635622,48,118,168.0,DJF_2022,season,DJF,2021-12-01,2022-02-28
2021-12-01_2022-02-28,GraphCast,1 days,,,0,0,24.0,DJF_2022,season,DJF,2021-12-01,2022-02-28
2021-12-01_2022-02-28,GraphCast,3 days,,,0,0,72.0,DJF_2022,season,DJF,2021-12-01,2022-02-28
2021-12-01_2022-02-28,GraphCast,5 days,,,0,0,120.0,DJF_2022,season,DJF,2021-12-01,2022-02-28
2021-12-01_2022-02-28,GraphCast,7 days,,,0,0,168.0,DJF_2022,season,DJF,2021-12-01,2022-02-28
2021-12-01_2022-02-28,NeuralGCM,1 days,,,0,0,24.0,DJF_2022,season,DJF,2021-12-01,2022-02-28
2021-12-01_2022-02-28,NeuralGCM,3 days,,,0,0,72.0,DJF_2022,season,DJF,2021-12-01,2022-02-28
2021-12-01_2022-02-28,NeuralGCM,5 days,,,0,0,120.0,DJF_2022,season,DJF,2021-12-01,2022-02-28
2021-12-01_2022-02-28,NeuralGCM,7 days,,,0,0,168.0,DJF_2022,season,DJF,2021-12-01,2022-02-28
2022-03-01_2022-05-31,HRES,1 days,46.92234208450147,46.027743561345865,110,72,24.0,MAM_2022,season,MAM,2022-03-01,2022-05-31
2022-03-01_2022-05-31,HRES,3 days,142.94682102467036,138.1415257987265,109,69,72.0,MAM_2022,season,MAM,2022-03-01,2022-05-31
2022-03-01_2022-05-31,HRES,5 days,313.6581001138589,315.69029634278394,105,69,120.0,MAM_2022,season,MAM,2022-03-01,2022-05-31
2022-03-01_2022-05-31,HRES,7 days,534.1801336489519,536.6056145558842,101,69,168.0,MAM_2022,season,MAM,2022-03-01,2022-05-31
2022-03-01_2022-05-31,GraphCast,1 days,,,0,0,24.0,MAM_2022,season,MAM,2022-03-01,2022-05-31
2022-03-01_2022-05-31,GraphCast,3 days,,,0,0,72.0,MAM_2022,season,MAM,2022-03-01,2022-05-31
2022-03-01_2022-05-31,GraphCast,5 days,,,0,0,120.0,MAM_2022,season,MAM,2022-03-01,2022-05-31
2022-03-01_2022-05-31,GraphCast,7 days,,,0,0,168.0,MAM_2022,season,MAM,2022-03-01,2022-05-31
2022-03-01_2022-05-31,NeuralGCM,1 days,,,0,0,24.0,MAM_2022,season,MAM,2022-03-01,2022-05-31
2022-03-01_2022-05-31,NeuralGCM,3 days,,,0,0,72.0,MAM_2022,season,MAM,2022-03-01,2022-05-31
2022-03-01_2022-05-31,NeuralGCM,5 days,,,0,0,120.0,MAM_2022,season,MAM,2022-03-01,2022-05-31
2022-03-01_2022-05-31,NeuralGCM,7 days,,,0,0,168.0,MAM_2022,season,MAM,2022-03-01,2022-05-31
2022-06-01_2022-08-31,HRES,1 days,47.7153061514028,46.85896729152107,66,116,24.0,JJA_2022,season,JJA,2022-06-01,2022-08-31
2022-06-01_2022-08-31,HRES,3 days,139.45206671074325,137.15269066682583,62,116,72.0,JJA_2022,season,JJA,2022-06-01,2022-08-31
2022-06-01_2022-08-31,HRES,5 days,313.0896594790307,297.52710383372994,60,114,120.0,JJA_2022,season,JJA,2022-06-01,2022-08-31
2022-06-01_2022-08-31,HRES,7 days,518.8734374387625,501.7761437272344,60,110,168.0,JJA_2022,season,JJA,2022-06-01,2022-08-31
2022-06-01_2022-08-31,GraphCast,1 days,,,0,0,24.0,JJA_2022,season,JJA,2022-06-01,2022-08-31
2022-06-01_2022-08-31,GraphCast,3 days,,,0,0,72.0,JJA_2022,season,JJA,2022-06-01,2022-08-31
2022-06-01_2022-08-31,GraphCast,5 days,,,0,0,120.0,JJA_2022,season,JJA,2022-06-01,2022-08-31
2022-06-01_2022-08-31,GraphCast,7 days,,,0,0,168.0,JJA_2022,season,JJA,2022-06-01,2022-08-31
2022-06-01_2022-08-31,NeuralGCM,1 days,,,0,0,24.0,JJA_2022,season,JJA,2022-06-01,2022-08-31
2022-06-01_2022-08-31,NeuralGCM,3 days,,,0,0,72.0,JJA_2022,season,JJA,2022-06-01,2022-08-31
2022-06-01_2022-08-31,NeuralGCM,5 days,,,0,0,120.0,JJA_2022,season,JJA,2022-06-01,2022-08-31
2022-06-01_2022-08-31,NeuralGCM,7 days,,,0,0,168.0,JJA_2022,season,JJA,2022-06-01,2022-08-31
2022-09-01_2022-11-30,HRES,1 days,46.43213016821949,46.86540241105782,21,159,24.0,SON_2022,season,SON,2022-09-01,2022-11-30
2022-09-01_2022-11-30,HRES,3 days,132.38394748533233,138.16704054157063,21,155,72.0,SON_2022,season,SON,2022-09-01,2022-11-30
2022-09-01_2022-11-30,HRES,5 days,289.6018832423744,310.46962043783,21,151,120.0,SON_2022,season,SON,2022-09-01,2022-11-30
2022-09-01_2022-11-30,HRES,7 days,503.05919662305087,528.8796750801376,21,147,168.0,SON_2022,season,SON,2022-09-01,2022-11-30
2022-09-01_2022-11-30,GraphCast,1 days,,,0,0,24.0,SON_2022,season,SON,2022-09-01,2022-11-30
2022-09-01_2022-11-30,GraphCast,3 days,,,0,0,72.0,SON_2022,season,SON,2022-09-01,2022-11-30
2022-09-01_2022-11-30,GraphCast,5 days,,,0,0,120.0,SON_2022,season,SON,2022-09-01,2022-11-30
2022-09-01_2022-11-30,GraphCast,7 days,,,0,0,168.0,SON_2022,season,SON,2022-09-01,2022-11-30
2022-09-01_2022-11-30,NeuralGCM,1 days,,,0,0,24.0,SON_2022,season,SON,2022-09-01,2022-11-30
2022-09-01_2022-11-30,NeuralGCM,3 days,,,0,0,72.0,SON_2022,season,SON,2022-09-01,2022-11-30
2022-09-01_2022-11-30,NeuralGCM,5 days,,,0,0,120.0,SON_2022,season,SON,2022-09-01,2022-11-30
2022-09-01_2022-11-30,NeuralGCM,7 days,,,0,0,168.0,SON_2022,season,SON,2022-09-01,2022-11-30
2018-01-01_2018-12-31,HRES,1 days,50.13077123490168,48.854746195547605,241,487,24.0,2018,year,ALL,2018-01-01,2018-12-31
2018-01-01_2018-12-31,HRES,3 days,148.1292065072683,145.12838168766092,239,485,72.0,2018,year,ALL,2018-01-01,2018-12-31
2018-01-01_2018-12-31,HRES,5 days,327.19004733912635,316.38278065761966,239,481,120.0,2018,year,ALL,2018-01-01,2018-12-31
2018-01-01_2018-12-31,HRES,7 days,546.9697082013079,531.6796984216423,237,479,168.0,2018,year,ALL,2018-01-01,2018-12-31
2018-01-01_2018-12-31,GraphCast,1 days,,,0,0,24.0,2018,year,ALL,2018-01-01,2018-12-31
2018-01-01_2018-12-31,GraphCast,3 days,,,0,0,72.0,2018,year,ALL,2018-01-01,2018-12-31
2018-01-01_2018-12-31,GraphCast,5 days,,,0,0,120.0,2018,year,ALL,2018-01-01,2018-12-31
2018-01-01_2018-12-31,GraphCast,7 days,,,0,0,168.0,2018,year,ALL,2018-01-01,2018-12-31
2018-01-01_2018-12-31,NeuralGCM,1 days,,,0,0,24.0,2018,year,ALL,2018-01-01,2018-12-31
2018-01-01_2018-12-31,NeuralGCM,3 days,,,0,0,72.0,2018,year,ALL,2018-01-01,2018-12-31
2018-01-01_2018-12-31,NeuralGCM,5 days,,,0,0,120.0,2018,year,ALL,2018-01-01,2018-12-31
2018-01-01_2018-12-31,NeuralGCM,7 days,,,0,0,168.0,2018,year,ALL,2018-01-01,2018-12-31
2019-01-01_2019-12-31,HRES,1 days,49.88358455632438,48.22615094830362,219,509,24.0,2019,year,ALL,2019-01-01,2019-12-31
2019-01-01_2019-12-31,HRES,3 days,145.26809063826067,141.09045840605845,218,506,72.0,2019,year,ALL,2019-01-01,2019-12-31
2019-01-01_2019-12-31,HRES,5 days,318.9948066982419,303.8722922163735,215,505,120.0,2019,year,ALL,2019-01-01,2019-12-31
2019-01-01_2019-12-31,HRES,7 days,525.9912332507586,515.0494361558248,211,505,168.0,2019,year,ALL,2019-01-01,2019-12-31
2019-01-01_2019-12-31,GraphCast,1 days,36.96066335041904,36.184813763381776,20,70,24.0,2019,year,ALL,2019-01-01,2019-12-31
2019-01-01_2019-12-31,GraphCast,3 days,120.62740307123424,113.36516429422,20,66,72.0,2019,year,ALL,2019-01-01,2019-12-31
2019-01-01_2019-12-31,GraphCast,5 days,257.2224754807975,249.23882901174096,19,63,120.0,2019,year,ALL,2019-01-01,2019-12-31
2019-01-01_2019-12-31,GraphCast,7 days,461.476170081974,438.5547506594402,15,63,168.0,2019,year,ALL,2019-01-01,2019-12-31
2019-01-01_2019-12-31,NeuralGCM,1 days,,,0,0,24.0,2019,year,ALL,2019-01-01,2019-12-31
2019-01-01_2019-12-31,NeuralGCM,3 days,,,0,0,72.0,2019,year,ALL,2019-01-01,2019-12-31
2019-01-01_2019-12-31,NeuralGCM,5 days,,,0,0,120.0,2019,year,ALL,2019-01-01,2019-12-31
2019-01-01_2019-12-31,NeuralGCM,7 days,,,0,0,168.0,2019,year,ALL,2019-01-01,2019-12-31
2020-01-01_2020-12-31,HRES,1 days,47.29033818771719,47.02805533645174,211,519,24.0,2020,year,ALL,2020-01-01,2020-12-31
2020-01-01_2020-12-31,HRES,3 days,139.40160959412694,135.4985937355968,211,515,72.0,2020,year,ALL,2020-01-01,2020-12-31
2020-01-01_2020-12-31,HRES,5 days,316.9227790896639,298.0250612687768,211,511,120.0,2020,year,ALL,2020-01-01,2020-12-31
2020-01-01_2020-12-31,HRES,7 days,541.3025798201812,508.97276889615694,211,507,168.0,2020,year,ALL,2020-01-01,2020-12-31
2020-01-01_2020-12-31,GraphCast,1 days,39.93199165987964,39.62993867613181,211,519,24.0,2020,year,ALL,2020-01-01,2020-12-31
2020-01-01_2020-12-31,GraphCast,3 days,125.64174973781132,122.86831929768596,211,515,72.0,2020,year,ALL,2020-01-01,2020-12-31
2020-01-01_2020-12-31,GraphCast,5 days,283.2188729805709,267.5634332504278,211,511,120.0,2020,year,ALL,2020-01-01,2020-12-31
2020-01-01_2020-12-31,GraphCast,7 days,488.87699043431047,454.2613790826406,211,507,168.0,2020,year,ALL,2020-01-01,2020-12-31
2020-01-01_2020-12-31,NeuralGCM,1 days,37.94266976677176,37.86833331191093,211,519,24.0,2020,year,ALL,2020-01-01,2020-12-31
2020-01-01_2020-12-31,NeuralGCM,3 days,117.70934357672928,114.07307165026548,211,515,72.0,2020,year,ALL,2020-01-01,2020-12-31
2020-01-01_2020-12-31,NeuralGCM,5 days,274.80087511346227,260.6138471829266,211,511,120.0,2020,year,ALL,2020-01-01,2020-12-31
2020-01-01_2020-12-31,NeuralGCM,7 days,480.22277346399295,459.2601003372427,211,507,168.0,2020,year,ALL,2020-01-01,2020-12-31
2021-01-01_2021-12-31,HRES,1 days,46.85167091733589,46.733476724230506,222,506,24.0,2021,year,ALL,2021-01-01,2021-12-31
2021-01-01_2021-12-31,HRES,3 days,141.597089431099,139.74854884782062,220,504,72.0,2021,year,ALL,2021-01-01,2021-12-31
2021-01-01_2021-12-31,HRES,5 days,319.37829721782725,310.54242013175434,216,504,120.0,2021,year,ALL,2021-01-01,2021-12-31
2021-01-01_2021-12-31,HRES,7 days,535.6121061180003,527.5481638088996,212,504,168.0,2021,year,ALL,2021-01-01,2021-12-31
2021-01-01_2021-12-31,GraphCast,1 days,38.51755880735731,39.30178817711662,11,51,24.0,2021,year,ALL,2021-01-01,2021-12-31
2021-01-01_2021-12-31,GraphCast,3 days,111.6563572139114,120.71971243946956,9,53,72.0,2021,year,ALL,2021-01-01,2021-12-31
2021-01-01_2021-12-31,GraphCast,5 days,226.80280118823924,262.9720847775096,5,57,120.0,2021,year,ALL,2021-01-01,2021-12-31
2021-01-01_2021-12-31,GraphCast,7 days,422.9457281915384,450.27931041398136,2,60,168.0,2021,year,ALL,2021-01-01,2021-12-31
2021-01-01_2021-12-31,NeuralGCM,1 days,,,0,0,24.0,2021,year,ALL,2021-01-01,2021-12-31
2021-01-01_2021-12-31,NeuralGCM,3 days,,,0,0,72.0,2021,year,ALL,2021-01-01,2021-12-31
2021-01-01_2021-12-31,NeuralGCM,5 days,,,0,0,120.0,2021,year,ALL,2021-01-01,2021-12-31
2021-01-01_2021-12-31,NeuralGCM,7 days,,,0,0,168.0,2021,year,ALL,2021-01-01,2021-12-31
2022-01-01_2022-12-31,HRES,1 days,46.98720626586334,46.66491854037308,271,457,24.0,2022,year,ALL,2022-01-01,2022-12-31
2022-01-01_2022-12-31,HRES,3 days,139.31683867435422,137.46357134825257,268,456,72.0,2022,year,ALL,2022-01-01,2022-12-31
2022-01-01_2022-12-31,HRES,5 days,308.6621157988666,303.59729758122774,265,455,120.0,2022,year,ALL,2022-01-01,2022-12-31
2022-01-01_2022-12-31,HRES,7 days,522.4962656492165,516.1520139310376,263,453,168.0,2022,year,ALL,2022-01-01,2022-12-31
2022-01-01_2022-12-31,GraphCast,1 days,,,0,0,24.0,2022,year,ALL,2022-01-01,2022-12-31
2022-01-01_2022-12-31,GraphCast,3 days,,,0,0,72.0,2022,year,ALL,2022-01-01,2022-12-31
2022-01-01_2022-12-31,GraphCast,5 days,,,0,0,120.0,2022,year,ALL,2022-01-01,2022-12-31
2022-01-01_2022-12-31,GraphCast,7 days,,,0,0,168.0,2022,year,ALL,2022-01-01,2022-12-31
2022-01-01_2022-12-31,NeuralGCM,1 days,,,0,0,24.0,2022,year,ALL,2022-01-01,2022-12-31
2022-01-01_2022-12-31,NeuralGCM,3 days,,,0,0,72.0,2022,year,ALL,2022-01-01,2022-12-31
2022-01-01_2022-12-31,NeuralGCM,5 days,,,0,0,120.0,2022,year,ALL,2022-01-01,2022-12-31
2022-01-01_2022-12-31,NeuralGCM,7 days,,,0,0,168.0,2022,year,ALL,2022-01-01,2022-12-31
