hits,misses,false_alarms,correct_negatives,POD,FAR,CSI,frequency_bias,truth_positive_count,forecast_positive_count,window,model,lead,sector,lead_h,tag,bucket,season,start,end
66,0,0,116,1.0,0.0,1.0,1.0,66,66,2018-03-01_2018-05-31,HRES,1 days,EuroAtlantic,24.0,MAM_2018,season,MAM,2018-03-01,2018-05-31
25,0,2,155,1.0,0.074074074074074,0.925925925925926,1.08,25,27,2018-03-01_2018-05-31,HRES,1 days,Pacific,24.0,MAM_2018,season,MAM,2018-03-01,2018-05-31
61,1,3,113,0.9838709677419356,0.046875,0.9384615384615383,1.032258064516129,62,64,2018-03-01_2018-05-31,HRES,3 days,EuroAtlantic,72.0,MAM_2018,season,MAM,2018-03-01,2018-05-31
23,2,3,150,0.92,0.1153846153846153,0.8214285714285714,1.04,25,26,2018-03-01_2018-05-31,HRES,3 days,Pacific,72.0,MAM_2018,season,MAM,2018-03-01,2018-05-31
52,7,9,106,0.8813559322033898,0.1475409836065573,0.7647058823529411,1.0338983050847457,59,61,2018-03-01_2018-05-31,HRES,5 days,EuroAtlantic,120.0,MAM_2018,season,MAM,2018-03-01,2018-05-31
20,4,7,143,0.8333333333333334,0.2592592592592592,0.6451612903225806,1.125,24,27,2018-03-01_2018-05-31,HRES,5 days,Pacific,120.0,MAM_2018,season,MAM,2018-03-01,2018-05-31
36,23,18,93,0.6101694915254238,0.3333333333333333,0.4675324675324675,0.9152542372881356,59,54,2018-03-01_2018-05-31,HRES,7 days,EuroAtlantic,168.0,MAM_2018,season,MAM,2018-03-01,2018-05-31
11,13,16,130,0.4583333333333333,0.5925925925925926,0.275,1.125,24,27,2018-03-01_2018-05-31,HRES,7 days,Pacific,168.0,MAM_2018,season,MAM,2018-03-01,2018-05-31
0,0,0,0,0.0,0.0,0.0,0.0,0,0,2018-03-01_2018-05-31,GraphCast,1 days,EuroAtlantic,24.0,MAM_2018,season,MAM,2018-03-01,2018-05-31
0,0,0,0,0.0,0.0,0.0,0.0,0,0,2018-03-01_2018-05-31,GraphCast,1 days,Pacific,24.0,MAM_2018,season,MAM,2018-03-01,2018-05-31
0,0,0,0,0.0,0.0,0.0,0.0,0,0,2018-03-01_2018-05-31,GraphCast,3 days,EuroAtlantic,72.0,MAM_2018,season,MAM,2018-03-01,2018-05-31
0,0,0,0,0.0,0.0,0.0,0.0,0,0,2018-03-01_2018-05-31,GraphCast,3 days,Pacific,72.0,MAM_2018,season,MAM,2018-03-01,2018-05-31
0,0,0,0,0.0,0.0,0.0,0.0,0,0,2018-03-01_2018-05-31,GraphCast,5 days,EuroAtlantic,120.0,MAM_2018,season,MAM,2018-03-01,2018-05-31
0,0,0,0,0.0,0.0,0.0,0.0,0,0,2018-03-01_2018-05-31,GraphCast,5 days,Pacific,120.0,MAM_2018,season,MAM,2018-03-01,2018-05-31
0,0,0,0,0.0,0.0,0.0,0.0,0,0,2018-03-01_2018-05-31,GraphCast,7 days,EuroAtlantic,168.0,MAM_2018,season,MAM,2018-03-01,2018-05-31
0,0,0,0,0.0,0.0,0.0,0.0,0,0,2018-03-01_2018-05-31,GraphCast,7 days,Pacific,168.0,MAM_2018,season,MAM,2018-03-01,2018-05-31
0,0,0,0,0.0,0.0,0.0,0.0,0,0,2018-03-01_2018-05-31,NeuralGCM,1 days,EuroAtlantic,24.0,MAM_2018,season,MAM,2018-03-01,2018-05-31
0,0,0,0,0.0,0.0,0.0,0.0,0,0,2018-03-01_2018-05-31,NeuralGCM,1 days,Pacific,24.0,MAM_2018,season,MAM,2018-03-01,2018-05-31
0,0,0,0,0.0,0.0,0.0,0.0,0,0,2018-03-01_2018-05-31,NeuralGCM,3 days,EuroAtlantic,72.0,MAM_2018,season,MAM,2018-03-01,2018-05-31
0,0,0,0,0.0,0.0,0.0,0.0,0,0,2018-03-01_2018-05-31,NeuralGCM,3 days,Pacific,72.0,MAM_2018,season,MAM,2018-03-01,2018-05-31
0,0,0,0,0.0,0.0,0.0,0.0,0,0,2018-03-01_2018-05-31,NeuralGCM,5 days,EuroAtlantic,120.0,MAM_2018,season,MAM,2018-03-01,2018-05-31
0,0,0,0,0.0,0.0,0.0,0.0,0,0,2018-03-01_2018-05-31,NeuralGCM,5 days,Pacific,120.0,MAM_2018,season,MAM,2018-03-01,2018-05-31
0,0,0,0,0.0,0.0,0.0,0.0,0,0,2018-03-01_2018-05-31,NeuralGCM,7 days,EuroAtlantic,168.0,MAM_2018,season,MAM,2018-03-01,2018-05-31
0,0,0,0,0.0,0.0,0.0,0.0,0,0,2018-03-01_2018-05-31,NeuralGCM,7 days,Pacific,168.0,MAM_2018,season,MAM,2018-03-01,2018-05-31
38,0,1,143,1.0,0.0256410256410256,0.9743589743589745,1.0263157894736843,38,39,2018-06-01_2018-08-31,HRES,1 days,EuroAtlantic,24.0,JJA_2018,season,JJA,2018-06-01,2018-08-31
7,2,0,173,0.7777777777777778,0.0,0.7777777777777778,0.7777777777777778,9,7,2018-06-01_2018-08-31,HRES,1 days,Pacific,24.0,JJA_2018,season,JJA,2018-06-01,2018-08-31
31,3,6,138,0.9117647058823528,0.1621621621621621,0.775,1.088235294117647,34,37,2018-06-01_2018-08-31,HRES,3 days,EuroAtlantic,72.0,JJA_2018,season,JJA,2018-06-01,2018-08-31
5,4,2,167,0.5555555555555556,0.2857142857142857,0.4545454545454545,0.7777777777777778,9,7,2018-06-01_2018-08-31,HRES,3 days,Pacific,72.0,JJA_2018,season,JJA,2018-06-01,2018-08-31
23,7,9,135,0.7666666666666667,0.28125,0.5897435897435898,1.0666666666666669,30,32,2018-06-01_2018-08-31,HRES,5 days,EuroAtlantic,120.0,JJA_2018,season,JJA,2018-06-01,2018-08-31
2,7,3,162,0.2222222222222222,0.6,0.1666666666666666,0.5555555555555556,9,5,2018-06-01_2018-08-31,HRES,5 days,Pacific,120.0,JJA_2018,season,JJA,2018-06-01,2018-08-31
22,8,6,134,0.7333333333333333,0.2142857142857142,0.6111111111111112,0.9333333333333332,30,28,2018-06-01_2018-08-31,HRES,7 days,EuroAtlantic,168.0,JJA_2018,season,JJA,2018-06-01,2018-08-31
1,8,4,157,0.1111111111111111,0.8,0.0769230769230769,0.5555555555555556,9,5,2018-06-01_2018-08-31,HRES,7 days,Pacific,168.0,JJA_2018,season,JJA,2018-06-01,2018-08-31
0,0,0,0,0.0,0.0,0.0,0.0,0,0,2018-06-01_2018-08-31,GraphCast,1 days,EuroAtlantic,24.0,JJA_2018,season,JJA,2018-06-01,2018-08-31
0,0,0,0,0.0,0.0,0.0,0.0,0,0,2018-06-01_2018-08-31,GraphCast,1 days,Pacific,24.0,JJA_2018,season,JJA,2018-06-01,2018-08-31
0,0,0,0,0.0,0.0,0.0,0.0,0,0,2018-06-01_2018-08-31,GraphCast,3 days,EuroAtlantic,72.0,JJA_2018,season,JJA,2018-06-01,2018-08-31
0,0,0,0,0.0,0.0,0.0,0.0,0,0,2018-06-01_2018-08-31,GraphCast,3 days,Pacific,72.0,JJA_2018,season,JJA,2018-06-01,2018-08-31
0,0,0,0,0.0,0.0,0.0,0.0,0,0,2018-06-01_2018-08-31,GraphCast,5 days,EuroAtlantic,120.0,JJA_2018,season,JJA,2018-06-01,2018-08-31
0,0,0,0,0.0,0.0,0.0,0.0,0,0,2018-06-01_2018-08-31,GraphCast,5 days,Pacific,120.0,JJA_2018,season,JJA,2018-06-01,2018-08-31
0,0,0,0,0.0,0.0,0.0,0.0,0,0,2018-06-01_2018-08-31,GraphCast,7 days,EuroAtlantic,168.0,JJA_2018,season,JJA,2018-06-01,2018-08-31
0,0,0,0,0.0,0.0,0.0,0.0,0,0,2018-06-01_2018-08-31,GraphCast,7 days,Pacific,168.0,JJA_2018,season,JJA,2018-06-01,2018-08-31
0,0,0,0,0.0,0.0,0.0,0.0,0,0,2018-06-01_2018-08-31,NeuralGCM,1 days,EuroAtlantic,24.0,JJA_2018,season,JJA,2018-06-01,2018-08-31
0,0,0,0,0.0,0.0,0.0,0.0,0,0,2018-06-01_2018-08-31,NeuralGCM,1 days,Pacific,24.0,JJA_2018,season,JJA,2018-06-01,2018-08-31
0,0,0,0,0.0,0.0,0.0,0.0,0,0,2018-06-01_2018-08-31,NeuralGCM,3 days,EuroAtlantic,72.0,JJA_2018,season,JJA,2018-06-01,2018-08-31
0,0,0,0,0.0,0.0,0.0,0.0,0,0,2018-06-01_2018-08-31,NeuralGCM,3 days,Pacific,72.0,JJA_2018,season,JJA,2018-06-01,2018-08-31
0,0,0,0,0.0,0.0,0.0,0.0,0,0,2018-06-01_2018-08-31,NeuralGCM,5 days,EuroAtlantic,120.0,JJA_2018,season,JJA,2018-06-01,2018-08-31
0,0,0,0,0.0,0.0,0.0,0.0,0,0,2018-06-01_2018-08-31,NeuralGCM,5 days,Pacific,120.0,JJA_2018,season,JJA,2018-06-01,2018-08-31
0,0,0,0,0.0,0.0,0.0,0.0,0,0,2018-06-01_2018-08-31,NeuralGCM,7 days,EuroAtlantic,168.0,JJA_2018,season,JJA,2018-06-01,2018-08-31
0,0,0,0,0.0,0.0,0.0,0.0,0,0,2018-06-01_2018-08-31,NeuralGCM,7 days,Pacific,168.0,JJA_2018,season,JJA,2018-06-01,2018-08-31
33,1,1,145,0.9705882352941176,0.0294117647058823,0.9428571428571428,1.0,34,34,2018-09-01_2018-11-30,HRES,1 days,EuroAtlantic,24.0,SON_2018,season,SON,2018-09-01,2018-11-30
24,0,0,156,1.0,0.0,1.0,1.0,24,24,2018-09-01_2018-11-30,HRES,1 days,Pacific,24.0,SON_2018,season,SON,2018-09-01,2018-11-30
31,1,4,140,0.96875,0.1142857142857142,0.8611111111111112,1.09375,32,35,2018-09-01_2018-11-30,HRES,3 days,EuroAtlantic,72.0,SON_2018,season,SON,2018-09-01,2018-11-30
24,0,1,151,1.0,0.04,0.96,1.0416666666666667,24,25,2018-09-01_2018-11-30,HRES,3 days,Pacific,72.0,SON_2018,season,SON,2018-09-01,2018-11-30
30,2,9,131,0.9375,0.2307692307692307,0.7317073170731707,1.21875,32,39,2018-09-01_2018-11-30,HRES,5 days,EuroAtlantic,120.0,SON_2018,season,SON,2018-09-01,2018-11-30
18,6,3,145,0.75,0.1428571428571428,0.6666666666666666,0.875,24,21,2018-09-01_2018-11-30,HRES,5 days,Pacific,120.0,SON_2018,season,SON,2018-09-01,2018-11-30
26,6,12,124,0.8125,0.3157894736842105,0.5909090909090909,1.1875,32,38,2018-09-01_2018-11-30,HRES,7 days,EuroAtlantic,168.0,SON_2018,season,SON,2018-09-01,2018-11-30
10,10,3,145,0.5,0.2307692307692307,0.4347826086956521,0.65,20,13,2018-09-01_2018-11-30,HRES,7 days,Pacific,168.0,SON_2018,season,SON,2018-09-01,2018-11-30
0,0,0,0,0.0,0.0,0.0,0.0,0,0,2018-09-01_2018-11-30,GraphCast,1 days,EuroAtlantic,24.0,SON_2018,season,SON,2018-09-01,2018-11-30
0,0,0,0,0.0,0.0,0.0,0.0,0,0,2018-09-01_2018-11-30,GraphCast,1 days,Pacific,24.0,SON_2018,season,SON,2018-09-01,2018-11-30
0,0,0,0,0.0,0.0,0.0,0.0,0,0,2018-09-01_2018-11-30,GraphCast,3 days,EuroAtlantic,72.0,SON_2018,season,SON,2018-09-01,2018-11-30
0,0,0,0,0.0,0.0,0.0,0.0,0,0,2018-09-01_2018-11-30,GraphCast,3 days,Pacific,72.0,SON_2018,season,SON,2018-09-01,2018-11-30
0,0,0,0,0.0,0.0,0.0,0.0,0,0,2018-09-01_2018-11-30,GraphCast,5 days,EuroAtlantic,120.0,SON_2018,season,SON,2018-09-01,2018-11-30
0,0,0,0,0.0,0.0,0.0,0.0,0,0,2018-09-01_2018-11-30,GraphCast,5 days,Pacific,120.0,SON_2018,season,SON,2018-09-01,2018-11-30
0,0,0,0,0.0,0.0,0.0,0.0,0,0,2018-09-01_2018-11-30,GraphCast,7 days,EuroAtlantic,168.0,SON_2018,season,SON,2018-09-01,2018-11-30
0,0,0,0,0.0,0.0,0.0,0.0,0,0,2018-09-01_2018-11-30,GraphCast,7 days,Pacific,168.0,SON_2018,season,SON,2018-09-01,2018-11-30
0,0,0,0,0.0,0.0,0.0,0.0,0,0,2018-09-01_2018-11-30,NeuralGCM,1 days,EuroAtlantic,24.0,SON_2018,season,SON,2018-09-01,2018-11-30
0,0,0,0,0.0,0.0,0.0,0.0,0,0,2018-09-01_2018-11-30,NeuralGCM,1 days,Pacific,24.0,SON_2018,season,SON,2018-09-01,2018-11-30
0,0,0,0,0.0,0.0,0.0,0.0,0,0,2018-09-01_2018-11-30,NeuralGCM,3 days,EuroAtlantic,72.0,SON_2018,season,SON,2018-09-01,2018-11-30
0,0,0,0,0.0,0.0,0.0,0.0,0,0,2018-09-01_2018-11-30,NeuralGCM,3 days,Pacific,72.0,SON_2018,season,SON,2018-09-01,2018-11-30
0,0,0,0,0.0,0.0,0.0,0.0,0,0,2018-09-01_2018-11-30,NeuralGCM,5 days,EuroAtlantic,120.0,SON_2018,season,SON,2018-09-01,2018-11-30
0,0,0,0,0.0,0.0,0.0,0.0,0,0,2018-09-01_2018-11-30,NeuralGCM,5 days,Pacific,120.0,SON_2018,season,SON,2018-09-01,2018-11-30
0,0,0,0,0.0,0.0,0.0,0.0,0,0,2018-09-01_2018-11-30,NeuralGCM,7 days,EuroAtlantic,168.0,SON_2018,season,SON,2018-09-01,2018-11-30
0,0,0,0,0.0,0.0,0.0,0.0,0,0,2018-09-01_2018-11-30,NeuralGCM,7 days,Pacific,168.0,SON_2018,season,SON,2018-09-01,2018-11-30
29,1,1,147,0.9666666666666668,0.0333333333333333,0.935483870967742,1.0,30,30,2018-12-01_2019-02-28,HRES,1 days,EuroAtlantic,24.0,DJF_2019,season,DJF,2018-12-01,2019-02-28
23,0,1,154,1.0,0.0416666666666666,0.9583333333333334,1.0434782608695652,23,24,2018-12-01_2019-02-28,HRES,1 days,Pacific,24.0,DJF_2019,season,DJF,2018-12-01,2019-02-28
26,4,0,144,0.8666666666666667,0.0,0.8666666666666667,0.8666666666666667,30,26,2018-12-01_2019-02-28,HRES,3 days,EuroAtlantic,72.0,DJF_2019,season,DJF,2018-12-01,2019-02-28
21,2,4,147,0.9130434782608696,0.16,0.7777777777777778,1.0869565217391304,23,25,2018-12-01_2019-02-28,HRES,3 days,Pacific,72.0,DJF_2019,season,DJF,2018-12-01,2019-02-28
24,6,1,139,0.8,0.04,0.7741935483870968,0.8333333333333334,30,25,2018-12-01_2019-02-28,HRES,5 days,EuroAtlantic,120.0,DJF_2019,season,DJF,2018-12-01,2019-02-28
17,6,4,143,0.7391304347826086,0.1904761904761904,0.6296296296296297,0.9130434782608696,23,21,2018-12-01_2019-02-28,HRES,5 days,Pacific,120.0,DJF_2019,season,DJF,2018-12-01,2019-02-28
23,7,16,120,0.7666666666666667,0.4102564102564102,0.5,1.3,30,39,2018-12-01_2019-02-28,HRES,7 days,EuroAtlantic,168.0,DJF_2019,season,DJF,2018-12-01,2019-02-28
10,13,6,137,0.4347826086956521,0.375,0.3448275862068966,0.6956521739130435,23,16,2018-12-01_2019-02-28,HRES,7 days,Pacific,168.0,DJF_2019,season,DJF,2018-12-01,2019-02-28
0,0,0,0,0.0,0.0,0.0,0.0,0,0,2018-12-01_2019-02-28,GraphCast,1 days,EuroAtlantic,24.0,DJF_2019,season,DJF,2018-12-01,2019-02-28
0,0,0,0,0.0,0.0,0.0,0.0,0,0,2018-12-01_2019-02-28,GraphCast,1 days,Pacific,24.0,DJF_2019,season,DJF,2018-12-01,2019-02-28
0,0,0,0,0.0,0.0,0.0,0.0,0,0,2018-12-01_2019-02-28,GraphCast,3 days,EuroAtlantic,72.0,DJF_2019,season,DJF,2018-12-01,2019-02-28
0,0,0,0,0.0,0.0,0.0,0.0,0,0,2018-12-01_2019-02-28,GraphCast,3 days,Pacific,72.0,DJF_2019,season,DJF,2018-12-01,2019-02-28
0,0,0,0,0.0,0.0,0.0,0.0,0,0,2018-12-01_2019-02-28,GraphCast,5 days,EuroAtlantic,120.0,DJF_2019,season,DJF,2018-12-01,2019-02-28
0,0,0,0,0.0,0.0,0.0,0.0,0,0,2018-12-01_2019-02-28,GraphCast,5 days,Pacific,120.0,DJF_2019,season,DJF,2018-12-01,2019-02-28
0,0,0,0,0.0,0.0,0.0,0.0,0,0,2018-12-01_2019-02-28,GraphCast,7 days,EuroAtlantic,168.0,DJF_2019,season,DJF,2018-12-01,2019-02-28
0,0,0,0,0.0,0.0,0.0,0.0,0,0,2018-12-01_2019-02-28,GraphCast,7 days,Pacific,168.0,DJF_2019,season,DJF,2018-12-01,2019-02-28
0,0,0,0,0.0,0.0,0.0,0.0,0,0,2018-12-01_2019-02-28,NeuralGCM,1 days,EuroAtlantic,24.0,DJF_2019,season,DJF,2018-12-01,2019-02-28
0,0,0,0,0.0,0.0,0.0,0.0,0,0,2018-12-01_2019-02-28,NeuralGCM,1 days,Pacific,24.0,DJF_2019,season,DJF,2018-12-01,2019-02-28
0,0,0,0,0.0,0.0,0.0,0.0,0,0,2018-12-01_2019-02-28,NeuralGCM,3 days,EuroAtlantic,72.0,DJF_2019,season,DJF,2018-12-01,2019-02-28
0,0,0,0,0.0,0.0,0.0,0.0,0,0,2018-12-01_2019-02-28,NeuralGCM,3 days,Pacific,72.0,DJF_2019,season,DJF,2018-12-01,2019-02-28
0,0,0,0,0.0,0.0,0.0,0.0,0,0,2018-12-01_2019-02-28,NeuralGCM,5 days,EuroAtlantic,120.0,DJF_2019,season,DJF,2018-12-01,2019-02-28
0,0,0,0,0.0,0.0,0.0,0.0,0,0,2018-12-01_2019-02-28,NeuralGCM,5 days,Pacific,120.0,DJF_2019,season,DJF,2018-12-01,2019-02-28
0,0,0,0,0.0,0.0,0.0,0.0,0,0,2018-12-01_2019-02-28,NeuralGCM,7 days,EuroAtlantic,168.0,DJF_2019,season,DJF,2018-12-01,2019-02-28
0,0,0,0,0.0,0.0,0.0,0.0,0,0,2018-12-01_2019-02-28,NeuralGCM,7 days,Pacific,168.0,DJF_2019,season,DJF,2018-12-01,2019-02-28
51,1,0,130,0.9807692307692308,0.0,0.9807692307692308,0.9807692307692308,52,51,2019-03-01_2019-05-31,HRES,1 days,EuroAtlantic,24.0,MAM_2019,season,MAM,2019-03-01,2019-05-31
31,0,5,146,1.0,0.1388888888888889,0.8611111111111112,1.1612903225806452,31,36,2019-03-01_2019-05-31,HRES,1 days,Pacific,24.0,MAM_2019,season,MAM,2019-03-01,2019-05-31
47,5,3,123,0.903846153846154,0.06,0.8545454545454545,0.9615384615384616,52,50,2019-03-01_2019-05-31,HRES,3 days,EuroAtlantic,72.0,MAM_2019,season,MAM,2019-03-01,2019-05-31
28,3,4,143,0.9032258064516128,0.125,0.8,1.032258064516129,31,32,2019-03-01_2019-05-31,HRES,3 days,Pacific,72.0,MAM_2019,season,MAM,2019-03-01,2019-05-31
45,7,9,113,0.8653846153846154,0.1666666666666666,0.7377049180327869,1.0384615384615383,52,54,2019-03-01_2019-05-31,HRES,5 days,EuroAtlantic,120.0,MAM_2019,season,MAM,2019-03-01,2019-05-31
26,5,10,133,0.8387096774193549,0.2777777777777778,0.6341463414634146,1.1612903225806452,31,36,2019-03-01_2019-05-31,HRES,5 days,Pacific,120.0,MAM_2019,season,MAM,2019-03-01,2019-05-31
35,17,16,102,0.6730769230769231,0.3137254901960784,0.5147058823529411,0.9807692307692308,52,51,2019-03-01_2019-05-31,HRES,7 days,EuroAtlantic,168.0,MAM_2019,season,MAM,2019-03-01,2019-05-31
14,17,18,121,0.4516129032258064,0.5625,0.2857142857142857,1.032258064516129,31,32,2019-03-01_2019-05-31,HRES,7 days,Pacific,168.0,MAM_2019,season,MAM,2019-03-01,2019-05-31
0,0,0,0,0.0,0.0,0.0,0.0,0,0,2019-03-01_2019-05-31,GraphCast,1 days,EuroAtlantic,24.0,MAM_2019,season,MAM,2019-03-01,2019-05-31
0,0,0,0,0.0,0.0,0.0,0.0,0,0,2019-03-01_2019-05-31,GraphCast,1 days,Pacific,24.0,MAM_2019,season,MAM,2019-03-01,2019-05-31
0,0,0,0,0.0,0.0,0.0,0.0,0,0,2019-03-01_2019-05-31,GraphCast,3 days,EuroAtlantic,72.0,MAM_2019,season,MAM,2019-03-01,2019-05-31
0,0,0,0,0.0,0.0,0.0,0.0,0,0,2019-03-01_2019-05-31,GraphCast,3 days,Pacific,72.0,MAM_2019,season,MAM,2019-03-01,2019-05-31
0,0,0,0,0.0,0.0,0.0,0.0,0,0,2019-03-01_2019-05-31,GraphCast,5 days,EuroAtlantic,120.0,MAM_2019,season,MAM,2019-03-01,2019-05-31
0,0,0,0,0.0,0.0,0.0,0.0,0,0,2019-03-01_2019-05-31,GraphCast,5 days,Pacific,120.0,MAM_2019,season,MAM,2019-03-01,2019-05-31
0,0,0,0,0.0,0.0,0.0,0.0,0,0,2019-03-01_2019-05-31,GraphCast,7 days,EuroAtlantic,168.0,MAM_2019,season,MAM,2019-03-01,2019-05-31
0,0,0,0,0.0,0.0,0.0,0.0,0,0,2019-03-01_2019-05-31,GraphCast,7 days,Pacific,168.0,MAM_2019,season,MAM,2019-03-01,2019-05-31
0,0,0,0,0.0,0.0,0.0,0.0,0,0,2019-03-01_2019-05-31,NeuralGCM,1 days,EuroAtlantic,24.0,MAM_2019,season,MAM,2019-03-01,2019-05-31
0,0,0,0,0.0,0.0,0.0,0.0,0,0,2019-03-01_2019-05-31,NeuralGCM,1 days,Pacific,24.0,MAM_2019,season,MAM,2019-03-01,2019-05-31
0,0,0,0,0.0,0.0,0.0,0.0,0,0,2019-03-01_2019-05-31,NeuralGCM,3 days,EuroAtlantic,72.0,MAM_2019,season,MAM,2019-03-01,2019-05-31
0,0,0,0,0.0,0.0,0.0,0.0,0,0,2019-03-01_2019-05-31,NeuralGCM,3 days,Pacific,72.0,MAM_2019,season,MAM,2019-03-01,2019-05-31
0,0,0,0,0.0,0.0,0.0,0.0,0,0,2019-03-01_2019-05-31,NeuralGCM,5 days,EuroAtlantic,120.0,MAM_2019,season,MAM,2019-03-01,2019-05-31
0,0,0,0,0.0,0.0,0.0,0.0,0,0,2019-03-01_2019-05-31,NeuralGCM,5 days,Pacific,120.0,MAM_2019,season,MAM,2019-03-01,2019-05-31
0,0,0,0,0.0,0.0,0.0,0.0,0,0,2019-03-01_2019-05-31,NeuralGCM,7 days,EuroAtlantic,168.0,MAM_2019,season,MAM,2019-03-01,2019-05-31
0,0,0,0,0.0,0.0,0.0,0.0,0,0,2019-03-01_2019-05-31,NeuralGCM,7 days,Pacific,168.0,MAM_2019,season,MAM,2019-03-01,2019-05-31
14,2,1,165,0.875,0.0666666666666666,0.8235294117647058,0.9375,16,15,2019-06-01_2019-08-31,HRES,1 days,EuroAtlantic,24.0,JJA_2019,season,JJA,2019-06-01,2019-08-31
48,2,1,131,0.96,0.0204081632653061,0.9411764705882352,0.98,50,49,2019-06-01_2019-08-31,HRES,1 days,Pacific,24.0,JJA_2019,season,JJA,2019-06-01,2019-08-31
15,1,1,161,0.9375,0.0625,0.8823529411764706,1.0,16,16,2019-06-01_2019-08-31,HRES,3 days,EuroAtlantic,72.0,JJA_2019,season,JJA,2019-06-01,2019-08-31
43,7,3,125,0.86,0.0652173913043478,0.8113207547169812,0.92,50,46,2019-06-01_2019-08-31,HRES,3 days,Pacific,72.0,JJA_2019,season,JJA,2019-06-01,2019-08-31
15,0,4,155,1.0,0.2105263157894736,0.7894736842105263,1.2666666666666666,15,19,2019-06-01_2019-08-31,HRES,5 days,EuroAtlantic,120.0,JJA_2019,season,JJA,2019-06-01,2019-08-31
32,18,1,123,0.64,0.0303030303030303,0.6274509803921569,0.66,50,33,2019-06-01_2019-08-31,HRES,5 days,Pacific,120.0,JJA_2019,season,JJA,2019-06-01,2019-08-31
7,4,16,143,0.6363636363636364,0.6956521739130435,0.2592592592592592,2.090909090909091,11,23,2019-06-01_2019-08-31,HRES,7 days,EuroAtlantic,168.0,JJA_2019,season,JJA,2019-06-01,2019-08-31
19,31,10,110,0.38,0.3448275862068966,0.3166666666666666,0.58,50,29,2019-06-01_2019-08-31,HRES,7 days,Pacific,168.0,JJA_2019,season,JJA,2019-06-01,2019-08-31
0,0,0,0,0.0,0.0,0.0,0.0,0,0,2019-06-01_2019-08-31,GraphCast,1 days,EuroAtlantic,24.0,JJA_2019,season,JJA,2019-06-01,2019-08-31
0,0,0,0,0.0,0.0,0.0,0.0,0,0,2019-06-01_2019-08-31,GraphCast,1 days,Pacific,24.0,JJA_2019,season,JJA,2019-06-01,2019-08-31
0,0,0,0,0.0,0.0,0.0,0.0,0,0,2019-06-01_2019-08-31,GraphCast,3 days,EuroAtlantic,72.0,JJA_2019,season,JJA,2019-06-01,2019-08-31
0,0,0,0,0.0,0.0,0.0,0.0,0,0,2019-06-01_2019-08-31,GraphCast,3 days,Pacific,72.0,JJA_2019,season,JJA,2019-06-01,2019-08-31
0,0,0,0,0.0,0.0,0.0,0.0,0,0,2019-06-01_2019-08-31,GraphCast,5 days,EuroAtlantic,120.0,JJA_2019,season,JJA,2019-06-01,2019-08-31
0,0,0,0,0.0,0.0,0.0,0.0,0,0,2019-06-01_2019-08-31,GraphCast,5 days,Pacific,120.0,JJA_2019,season,JJA,2019-06-01,2019-08-31
0,0,0,0,0.0,0.0,0.0,0.0,0,0,2019-06-01_2019-08-31,GraphCast,7 days,EuroAtlantic,168.0,JJA_2019,season,JJA,2019-06-01,2019-08-31
0,0,0,0,0.0,0.0,0.0,0.0,0,0,2019-06-01_2019-08-31,GraphCast,7 days,Pacific,168.0,JJA_2019,season,JJA,2019-06-01,2019-08-31
0,0,0,0,0.0,0.0,0.0,0.0,0,0,2019-06-01_2019-08-31,NeuralGCM,1 days,EuroAtlantic,24.0,JJA_2019,season,JJA,2019-06-01,2019-08-31
0,0,0,0,0.0,0.0,0.0,0.0,0,0,2019-06-01_2019-08-31,NeuralGCM,1 days,Pacific,24.0,JJA_2019,season,JJA,2019-06-01,2019-08-31
0,0,0,0,0.0,0.0,0.0,0.0,0,0,2019-06-01_2019-08-31,NeuralGCM,3 days,EuroAtlantic,72.0,JJA_2019,season,JJA,2019-06-01,2019-08-31
0,0,0,0,0.0,0.0,0.0,0.0,0,0,2019-06-01_2019-08-31,NeuralGCM,3 days,Pacific,72.0,JJA_2019,season,JJA,2019-06-01,2019-08-31
0,0,0,0,0.0,0.0,0.0,0.0,0,0,2019-06-01_2019-08-31,NeuralGCM,5 days,EuroAtlantic,120.0,JJA_2019,season,JJA,2019-06-01,2019-08-31
0,0,0,0,0.0,0.0,0.0,0.0,0,0,2019-06-01_2019-08-31,NeuralGCM,5 days,Pacific,120.0,JJA_2019,season,JJA,2019-06-01,2019-08-31
0,0,0,0,0.0,0.0,0.0,0.0,0,0,2019-06-01_2019-08-31,NeuralGCM,7 days,EuroAtlantic,168.0,JJA_2019,season,JJA,2019-06-01,2019-08-31
0,0,0,0,0.0,0.0,0.0,0.0,0,0,2019-06-01_2019-08-31,NeuralGCM,7 days,Pacific,168.0,JJA_2019,season,JJA,2019-06-01,2019-08-31
23,0,2,155,1.0,0.08,0.92,1.0869565217391304,23,25,2019-09-01_2019-11-30,HRES,1 days,EuroAtlantic,24.0,SON_2019,season,SON,2019-09-01,2019-11-30
9,0,0,171,1.0,0.0,1.0,1.0,9,9,2019-09-01_2019-11-30,HRES,1 days,Pacific,24.0,SON_2019,season,SON,2019-09-01,2019-11-30
19,4,2,151,0.8260869565217391,0.0952380952380952,0.76,0.9130434782608696,23,21,2019-09-01_2019-11-30,HRES,3 days,EuroAtlantic,72.0,SON_2019,season,SON,2019-09-01,2019-11-30
8,1,1,166,0.8888888888888888,0.1111111111111111,0.8,1.0,9,9,2019-09-01_2019-11-30,HRES,3 days,Pacific,72.0,SON_2019,season,SON,2019-09-01,2019-11-30
14,9,3,146,0.6086956521739131,0.1764705882352941,0.5384615384615384,0.7391304347826086,23,17,2019-09-01_2019-11-30,HRES,5 days,EuroAtlantic,120.0,SON_2019,season,SON,2019-09-01,2019-11-30
7,2,1,162,0.7777777777777778,0.125,0.7,0.8888888888888888,9,8,2019-09-01_2019-11-30,HRES,5 days,Pacific,120.0,SON_2019,season,SON,2019-09-01,2019-11-30
10,13,4,141,0.4347826086956521,0.2857142857142857,0.3703703703703703,0.6086956521739131,23,14,2019-09-01_2019-11-30,HRES,7 days,EuroAtlantic,168.0,SON_2019,season,SON,2019-09-01,2019-11-30
1,8,8,151,0.1111111111111111,0.8888888888888888,0.0588235294117647,1.0,9,9,2019-09-01_2019-11-30,HRES,7 days,Pacific,168.0,SON_2019,season,SON,2019-09-01,2019-11-30
11,0,0,17,1.0,0.0,1.0,1.0,11,11,2019-09-01_2019-11-30,GraphCast,1 days,EuroAtlantic,24.0,SON_2019,season,SON,2019-09-01,2019-11-30
5,0,0,23,1.0,0.0,1.0,1.0,5,5,2019-09-01_2019-11-30,GraphCast,1 days,Pacific,24.0,SON_2019,season,SON,2019-09-01,2019-11-30
7,4,0,13,0.6363636363636364,0.0,0.6363636363636364,0.6363636363636364,11,7,2019-09-01_2019-11-30,GraphCast,3 days,EuroAtlantic,72.0,SON_2019,season,SON,2019-09-01,2019-11-30
4,1,1,18,0.8,0.2,0.6666666666666666,1.0,5,5,2019-09-01_2019-11-30,GraphCast,3 days,Pacific,72.0,SON_2019,season,SON,2019-09-01,2019-11-30
3,7,0,10,0.3,0.0,0.3,0.3,10,3,2019-09-01_2019-11-30,GraphCast,5 days,EuroAtlantic,120.0,SON_2019,season,SON,2019-09-01,2019-11-30
4,1,1,14,0.8,0.2,0.6666666666666666,1.0,5,5,2019-09-01_2019-11-30,GraphCast,5 days,Pacific,120.0,SON_2019,season,SON,2019-09-01,2019-11-30
1,5,1,9,0.1666666666666666,0.5,0.1428571428571428,0.3333333333333333,6,2,2019-09-01_2019-11-30,GraphCast,7 days,EuroAtlantic,168.0,SON_2019,season,SON,2019-09-01,2019-11-30
2,3,1,10,0.4,0.3333333333333333,0.3333333333333333,0.6,5,3,2019-09-01_2019-11-30,GraphCast,7 days,Pacific,168.0,SON_2019,season,SON,2019-09-01,2019-11-30
0,0,0,0,0.0,0.0,0.0,0.0,0,0,2019-09-01_2019-11-30,NeuralGCM,1 days,EuroAtlantic,24.0,SON_2019,season,SON,2019-09-01,2019-11-30
0,0,0,0,0.0,0.0,0.0,0.0,0,0,2019-09-01_2019-11-30,NeuralGCM,1 days,Pacific,24.0,SON_2019,season,SON,2019-09-01,2019-11-30
0,0,0,0,0.0,0.0,0.0,0.0,0,0,2019-09-01_2019-11-30,NeuralGCM,3 days,EuroAtlantic,72.0,SON_2019,season,SON,2019-09-01,2019-11-30
0,0,0,0,0.0,0.0,0.0,0.0,0,0,2019-09-01_2019-11-30,NeuralGCM,3 days,Pacific,72.0,SON_2019,season,SON,2019-09-01,2019-11-30
0,0,0,0,0.0,0.0,0.0,0.0,0,0,2019-09-01_2019-11-30,NeuralGCM,5 days,EuroAtlantic,120.0,SON_2019,season,SON,2019-09-01,2019-11-30
0,0,0,0,0.0,0.0,0.0,0.0,0,0,2019-09-01_2019-11-30,NeuralGCM,5 days,Pacific,120.0,SON_2019,season,SON,2019-09-01,2019-11-30
0,0,0,0,0.0,0.0,0.0,0.0,0,0,2019-09-01_2019-11-30,NeuralGCM,7 days,EuroAtlantic,168.0,SON_2019,season,SON,2019-09-01,2019-11-30
0,0,0,0,0.0,0.0,0.0,0.0,0,0,2019-09-01_2019-11-30,NeuralGCM,7 days,Pacific,168.0,SON_2019,season,SON,2019-09-01,2019-11-30
17,0,0,163,1.0,0.0,1.0,1.0,17,17,2019-12-01_2020-02-29,HRES,1 days,EuroAtlantic,24.0,DJF_2020,season,DJF,2019-12-01,2020-02-29
14,0,3,163,1.0,0.1764705882352941,0.8235294117647058,1.2142857142857142,14,17,2019-12-01_2020-02-29,HRES,1 days,Pacific,24.0,DJF_2020,season,DJF,2019-12-01,2020-02-29
15,2,2,157,0.8823529411764706,0.1176470588235294,0.7894736842105263,1.0,17,17,2019-12-01_2020-02-29,HRES,3 days,EuroAtlantic,72.0,DJF_2020,season,DJF,2019-12-01,2020-02-29
13,1,1,161,0.9285714285714286,0.0714285714285714,0.8666666666666667,1.0,14,14,2019-12-01_2020-02-29,HRES,3 days,Pacific,72.0,DJF_2020,season,DJF,2019-12-01,2020-02-29
12,5,4,151,0.7058823529411765,0.25,0.5714285714285714,0.9411764705882352,17,16,2019-12-01_2020-02-29,HRES,5 days,EuroAtlantic,120.0,DJF_2020,season,DJF,2019-12-01,2020-02-29
9,5,5,153,0.6428571428571429,0.3571428571428571,0.4736842105263157,1.0,14,14,2019-12-01_2020-02-29,HRES,5 days,Pacific,120.0,DJF_2020,season,DJF,2019-12-01,2020-02-29
10,7,8,143,0.5882352941176471,0.4444444444444444,0.4,1.0588235294117647,17,18,2019-12-01_2020-02-29,HRES,7 days,EuroAtlantic,168.0,DJF_2020,season,DJF,2019-12-01,2020-02-29
12,2,4,150,0.8571428571428571,0.25,0.6666666666666666,1.1428571428571428,14,16,2019-12-01_2020-02-29,HRES,7 days,Pacific,168.0,DJF_2020,season,DJF,2019-12-01,2020-02-29
17,0,1,162,1.0,0.0555555555555555,0.9444444444444444,1.0588235294117647,17,18,2019-12-01_2020-02-29,GraphCast,1 days,EuroAtlantic,24.0,DJF_2020,season,DJF,2019-12-01,2020-02-29
14,0,2,164,1.0,0.125,0.875,1.1428571428571428,14,16,2019-12-01_2020-02-29,GraphCast,1 days,Pacific,24.0,DJF_2020,season,DJF,2019-12-01,2020-02-29
16,1,2,157,0.9411764705882352,0.1111111111111111,0.8421052631578947,1.0588235294117647,17,18,2019-12-01_2020-02-29,GraphCast,3 days,EuroAtlantic,72.0,DJF_2020,season,DJF,2019-12-01,2020-02-29
13,1,1,161,0.9285714285714286,0.0714285714285714,0.8666666666666667,1.0,14,14,2019-12-01_2020-02-29,GraphCast,3 days,Pacific,72.0,DJF_2020,season,DJF,2019-12-01,2020-02-29
14,3,0,155,0.8235294117647058,0.0,0.8235294117647058,0.8235294117647058,17,14,2019-12-01_2020-02-29,GraphCast,5 days,EuroAtlantic,120.0,DJF_2020,season,DJF,2019-12-01,2020-02-29
9,5,1,157,0.6428571428571429,0.1,0.6,0.7142857142857143,14,10,2019-12-01_2020-02-29,GraphCast,5 days,Pacific,120.0,DJF_2020,season,DJF,2019-12-01,2020-02-29
6,11,6,145,0.3529411764705882,0.5,0.2608695652173913,0.7058823529411765,17,12,2019-12-01_2020-02-29,GraphCast,7 days,EuroAtlantic,168.0,DJF_2020,season,DJF,2019-12-01,2020-02-29
7,7,3,151,0.5,0.3,0.4117647058823529,0.7142857142857143,14,10,2019-12-01_2020-02-29,GraphCast,7 days,Pacific,168.0,DJF_2020,season,DJF,2019-12-01,2020-02-29
12,0,1,105,1.0,0.0769230769230769,0.9230769230769232,1.0833333333333333,12,13,2019-12-01_2020-02-29,NeuralGCM,1 days,EuroAtlantic,24.0,DJF_2020,season,DJF,2019-12-01,2020-02-29
12,0,0,106,1.0,0.0,1.0,1.0,12,12,2019-12-01_2020-02-29,NeuralGCM,1 days,Pacific,24.0,DJF_2020,season,DJF,2019-12-01,2020-02-29
10,2,0,102,0.8333333333333334,0.0,0.8333333333333334,0.8333333333333334,12,10,2019-12-01_2020-02-29,NeuralGCM,3 days,EuroAtlantic,72.0,DJF_2020,season,DJF,2019-12-01,2020-02-29
12,0,3,99,1.0,0.2,0.8,1.25,12,15,2019-12-01_2020-02-29,NeuralGCM,3 days,Pacific,72.0,DJF_2020,season,DJF,2019-12-01,2020-02-29
9,3,2,96,0.75,0.1818181818181818,0.6428571428571429,0.9166666666666666,12,11,2019-12-01_2020-02-29,NeuralGCM,5 days,EuroAtlantic,120.0,DJF_2020,season,DJF,2019-12-01,2020-02-29
6,6,1,97,0.5,0.1428571428571428,0.4615384615384615,0.5833333333333334,12,7,2019-12-01_2020-02-29,NeuralGCM,5 days,Pacific,120.0,DJF_2020,season,DJF,2019-12-01,2020-02-29
6,6,4,90,0.5,0.4,0.375,0.8333333333333334,12,10,2019-12-01_2020-02-29,NeuralGCM,7 days,EuroAtlantic,168.0,DJF_2020,season,DJF,2019-12-01,2020-02-29
8,4,6,88,0.6666666666666666,0.4285714285714285,0.4444444444444444,1.1666666666666667,12,14,2019-12-01_2020-02-29,NeuralGCM,7 days,Pacific,168.0,DJF_2020,season,DJF,2019-12-01,2020-02-29
57,5,0,120,0.9193548387096774,0.0,0.9193548387096774,0.9193548387096774,62,57,2020-03-01_2020-05-31,HRES,1 days,EuroAtlantic,24.0,MAM_2020,season,MAM,2020-03-01,2020-05-31
35,1,1,145,0.9722222222222222,0.0277777777777777,0.945945945945946,1.0,36,36,2020-03-01_2020-05-31,HRES,1 days,Pacific,24.0,MAM_2020,season,MAM,2020-03-01,2020-05-31
59,3,3,113,0.9516129032258064,0.0483870967741935,0.9076923076923076,1.0,62,62,2020-03-01_2020-05-31,HRES,3 days,EuroAtlantic,72.0,MAM_2020,season,MAM,2020-03-01,2020-05-31
31,5,1,141,0.8611111111111112,0.03125,0.8378378378378378,0.8888888888888888,36,32,2020-03-01_2020-05-31,HRES,3 days,Pacific,72.0,MAM_2020,season,MAM,2020-03-01,2020-05-31
47,15,1,111,0.7580645161290323,0.0208333333333333,0.746031746031746,0.7741935483870968,62,48,2020-03-01_2020-05-31,HRES,5 days,EuroAtlantic,120.0,MAM_2020,season,MAM,2020-03-01,2020-05-31
27,9,8,130,0.75,0.2285714285714285,0.6136363636363636,0.9722222222222222,36,35,2020-03-01_2020-05-31,HRES,5 days,Pacific,120.0,MAM_2020,season,MAM,2020-03-01,2020-05-31
38,24,7,101,0.6129032258064516,0.1555555555555555,0.5507246376811594,0.7258064516129032,62,45,2020-03-01_2020-05-31,HRES,7 days,EuroAtlantic,168.0,MAM_2020,season,MAM,2020-03-01,2020-05-31
18,18,14,120,0.5,0.4375,0.36,0.8888888888888888,36,32,2020-03-01_2020-05-31,HRES,7 days,Pacific,168.0,MAM_2020,season,MAM,2020-03-01,2020-05-31
59,3,1,119,0.9516129032258064,0.0166666666666666,0.9365079365079364,0.967741935483871,62,60,2020-03-01_2020-05-31,GraphCast,1 days,EuroAtlantic,24.0,MAM_2020,season,MAM,2020-03-01,2020-05-31
35,1,0,146,0.9722222222222222,0.0,0.9722222222222222,0.9722222222222222,36,35,2020-03-01_2020-05-31,GraphCast,1 days,Pacific,24.0,MAM_2020,season,MAM,2020-03-01,2020-05-31
55,7,3,113,0.8870967741935484,0.0517241379310344,0.8461538461538461,0.935483870967742,62,58,2020-03-01_2020-05-31,GraphCast,3 days,EuroAtlantic,72.0,MAM_2020,season,MAM,2020-03-01,2020-05-31
33,3,1,141,0.9166666666666666,0.0294117647058823,0.8918918918918919,0.9444444444444444,36,34,2020-03-01_2020-05-31,GraphCast,3 days,Pacific,72.0,MAM_2020,season,MAM,2020-03-01,2020-05-31
47,15,5,107,0.7580645161290323,0.0961538461538461,0.7014925373134329,0.8387096774193549,62,52,2020-03-01_2020-05-31,GraphCast,5 days,EuroAtlantic,120.0,MAM_2020,season,MAM,2020-03-01,2020-05-31
27,9,4,134,0.75,0.1290322580645161,0.675,0.8611111111111112,36,31,2020-03-01_2020-05-31,GraphCast,5 days,Pacific,120.0,MAM_2020,season,MAM,2020-03-01,2020-05-31
38,24,6,102,0.6129032258064516,0.1363636363636363,0.5588235294117647,0.7096774193548387,62,44,2020-03-01_2020-05-31,GraphCast,7 days,EuroAtlantic,168.0,MAM_2020,season,MAM,2020-03-01,2020-05-31
10,26,13,121,0.2777777777777778,0.5652173913043478,0.2040816326530612,0.6388888888888888,36,23,2020-03-01_2020-05-31,GraphCast,7 days,Pacific,168.0,MAM_2020,season,MAM,2020-03-01,2020-05-31
58,4,1,119,0.935483870967742,0.0169491525423728,0.9206349206349206,0.9516129032258064,62,59,2020-03-01_2020-05-31,NeuralGCM,1 days,EuroAtlantic,24.0,MAM_2020,season,MAM,2020-03-01,2020-05-31
35,1,0,146,0.9722222222222222,0.0,0.9722222222222222,0.9722222222222222,36,35,2020-03-01_2020-05-31,NeuralGCM,1 days,Pacific,24.0,MAM_2020,season,MAM,2020-03-01,2020-05-31
57,5,4,112,0.9193548387096774,0.0655737704918032,0.8636363636363636,0.9838709677419356,62,61,2020-03-01_2020-05-31,NeuralGCM,3 days,EuroAtlantic,72.0,MAM_2020,season,MAM,2020-03-01,2020-05-31
34,2,2,140,0.9444444444444444,0.0555555555555555,0.8947368421052632,1.0,36,36,2020-03-01_2020-05-31,NeuralGCM,3 days,Pacific,72.0,MAM_2020,season,MAM,2020-03-01,2020-05-31
50,12,5,107,0.8064516129032258,0.0909090909090909,0.746268656716418,0.8870967741935484,62,55,2020-03-01_2020-05-31,NeuralGCM,5 days,EuroAtlantic,120.0,MAM_2020,season,MAM,2020-03-01,2020-05-31
29,7,5,133,0.8055555555555556,0.1470588235294117,0.7073170731707317,0.9444444444444444,36,34,2020-03-01_2020-05-31,NeuralGCM,5 days,Pacific,120.0,MAM_2020,season,MAM,2020-03-01,2020-05-31
48,14,12,96,0.7741935483870968,0.2,0.6486486486486487,0.967741935483871,62,60,2020-03-01_2020-05-31,NeuralGCM,7 days,EuroAtlantic,168.0,MAM_2020,season,MAM,2020-03-01,2020-05-31
17,19,12,122,0.4722222222222222,0.4137931034482758,0.3541666666666667,0.8055555555555556,36,29,2020-03-01_2020-05-31,NeuralGCM,7 days,Pacific,168.0,MAM_2020,season,MAM,2020-03-01,2020-05-31
37,1,2,142,0.9736842105263158,0.0512820512820512,0.925,1.0263157894736843,38,39,2020-06-01_2020-08-31,HRES,1 days,EuroAtlantic,24.0,JJA_2020,season,JJA,2020-06-01,2020-08-31
5,0,2,175,1.0,0.2857142857142857,0.7142857142857143,1.4,5,7,2020-06-01_2020-08-31,HRES,1 days,Pacific,24.0,JJA_2020,season,JJA,2020-06-01,2020-08-31
33,1,3,141,0.9705882352941176,0.0833333333333333,0.8918918918918919,1.0588235294117647,34,36,2020-06-01_2020-08-31,HRES,3 days,EuroAtlantic,72.0,JJA_2020,season,JJA,2020-06-01,2020-08-31
4,1,1,172,0.8,0.2,0.6666666666666666,1.0,5,5,2020-06-01_2020-08-31,HRES,3 days,Pacific,72.0,JJA_2020,season,JJA,2020-06-01,2020-08-31
28,6,3,137,0.8235294117647058,0.0967741935483871,0.7567567567567568,0.9117647058823528,34,31,2020-06-01_2020-08-31,HRES,5 days,EuroAtlantic,120.0,JJA_2020,season,JJA,2020-06-01,2020-08-31
4,1,2,167,0.8,0.3333333333333333,0.5714285714285714,1.2,5,6,2020-06-01_2020-08-31,HRES,5 days,Pacific,120.0,JJA_2020,season,JJA,2020-06-01,2020-08-31
19,15,9,127,0.5588235294117647,0.3214285714285714,0.4418604651162791,0.8235294117647058,34,28,2020-06-01_2020-08-31,HRES,7 days,EuroAtlantic,168.0,JJA_2020,season,JJA,2020-06-01,2020-08-31
1,4,6,159,0.2,0.8571428571428571,0.0909090909090909,1.4,5,7,2020-06-01_2020-08-31,HRES,7 days,Pacific,168.0,JJA_2020,season,JJA,2020-06-01,2020-08-31
37,1,1,143,0.9736842105263158,0.0263157894736842,0.9487179487179488,1.0,38,38,2020-06-01_2020-08-31,GraphCast,1 days,EuroAtlantic,24.0,JJA_2020,season,JJA,2020-06-01,2020-08-31
5,0,2,175,1.0,0.2857142857142857,0.7142857142857143,1.4,5,7,2020-06-01_2020-08-31,GraphCast,1 days,Pacific,24.0,JJA_2020,season,JJA,2020-06-01,2020-08-31
33,1,3,141,0.9705882352941176,0.0833333333333333,0.8918918918918919,1.0588235294117647,34,36,2020-06-01_2020-08-31,GraphCast,3 days,EuroAtlantic,72.0,JJA_2020,season,JJA,2020-06-01,2020-08-31
5,0,1,172,1.0,0.1666666666666666,0.8333333333333334,1.2,5,6,2020-06-01_2020-08-31,GraphCast,3 days,Pacific,72.0,JJA_2020,season,JJA,2020-06-01,2020-08-31
31,3,4,136,0.9117647058823528,0.1142857142857142,0.8157894736842105,1.0294117647058822,34,35,2020-06-01_2020-08-31,GraphCast,5 days,EuroAtlantic,120.0,JJA_2020,season,JJA,2020-06-01,2020-08-31
0,5,2,167,0.0,1.0,0.0,0.4,5,2,2020-06-01_2020-08-31,GraphCast,5 days,Pacific,120.0,JJA_2020,season,JJA,2020-06-01,2020-08-31
22,12,13,123,0.6470588235294118,0.3714285714285714,0.4680851063829787,1.0294117647058822,34,35,2020-06-01_2020-08-31,GraphCast,7 days,EuroAtlantic,168.0,JJA_2020,season,JJA,2020-06-01,2020-08-31
1,4,3,162,0.2,0.75,0.125,0.8,5,4,2020-06-01_2020-08-31,GraphCast,7 days,Pacific,168.0,JJA_2020,season,JJA,2020-06-01,2020-08-31
37,1,2,142,0.9736842105263158,0.0512820512820512,0.925,1.0263157894736843,38,39,2020-06-01_2020-08-31,NeuralGCM,1 days,EuroAtlantic,24.0,JJA_2020,season,JJA,2020-06-01,2020-08-31
5,0,1,176,1.0,0.1666666666666666,0.8333333333333334,1.2,5,6,2020-06-01_2020-08-31,NeuralGCM,1 days,Pacific,24.0,JJA_2020,season,JJA,2020-06-01,2020-08-31
34,0,5,139,1.0,0.1282051282051282,0.8717948717948718,1.1470588235294117,34,39,2020-06-01_2020-08-31,NeuralGCM,3 days,EuroAtlantic,72.0,JJA_2020,season,JJA,2020-06-01,2020-08-31
4,1,3,170,0.8,0.4285714285714285,0.5,1.4,5,7,2020-06-01_2020-08-31,NeuralGCM,3 days,Pacific,72.0,JJA_2020,season,JJA,2020-06-01,2020-08-31
31,3,5,135,0.9117647058823528,0.1388888888888889,0.7948717948717948,1.0588235294117647,34,36,2020-06-01_2020-08-31,NeuralGCM,5 days,EuroAtlantic,120.0,JJA_2020,season,JJA,2020-06-01,2020-08-31
0,5,3,166,0.0,1.0,0.0,0.6,5,3,2020-06-01_2020-08-31,NeuralGCM,5 days,Pacific,120.0,JJA_2020,season,JJA,2020-06-01,2020-08-31
23,11,8,128,0.6764705882352942,0.2580645161290322,0.5476190476190477,0.9117647058823528,34,31,2020-06-01_2020-08-31,NeuralGCM,7 days,EuroAtlantic,168.0,JJA_2020,season,JJA,2020-06-01,2020-08-31
1,4,9,156,0.2,0.9,0.0714285714285714,2.0,5,10,2020-06-01_2020-08-31,NeuralGCM,7 days,Pacific,168.0,JJA_2020,season,JJA,2020-06-01,2020-08-31
36,1,1,142,0.972972972972973,0.027027027027027,0.9473684210526316,1.0,37,37,2020-09-01_2020-11-30,HRES,1 days,EuroAtlantic,24.0,SON_2020,season,SON,2020-09-01,2020-11-30
2,0,0,178,1.0,0.0,1.0,1.0,2,2,2020-09-01_2020-11-30,HRES,1 days,Pacific,24.0,SON_2020,season,SON,2020-09-01,2020-11-30
32,5,2,137,0.8648648648648649,0.0588235294117647,0.8205128205128205,0.918918918918919,37,34,2020-09-01_2020-11-30,HRES,3 days,EuroAtlantic,72.0,SON_2020,season,SON,2020-09-01,2020-11-30
2,0,0,174,1.0,0.0,1.0,1.0,2,2,2020-09-01_2020-11-30,HRES,3 days,Pacific,72.0,SON_2020,season,SON,2020-09-01,2020-11-30
25,12,7,128,0.6756756756756757,0.21875,0.5681818181818182,0.8648648648648649,37,32,2020-09-01_2020-11-30,HRES,5 days,EuroAtlantic,120.0,SON_2020,season,SON,2020-09-01,2020-11-30
1,1,3,167,0.5,0.75,0.2,2.0,2,4,2020-09-01_2020-11-30,HRES,5 days,Pacific,120.0,SON_2020,season,SON,2020-09-01,2020-11-30
21,16,4,127,0.5675675675675675,0.16,0.5121951219512195,0.6756756756756757,37,25,2020-09-01_2020-11-30,HRES,7 days,EuroAtlantic,168.0,SON_2020,season,SON,2020-09-01,2020-11-30
0,2,1,165,0.0,1.0,0.0,0.5,2,1,2020-09-01_2020-11-30,HRES,7 days,Pacific,168.0,SON_2020,season,SON,2020-09-01,2020-11-30
34,3,2,141,0.918918918918919,0.0555555555555555,0.8717948717948718,0.972972972972973,37,36,2020-09-01_2020-11-30,GraphCast,1 days,EuroAtlantic,24.0,SON_2020,season,SON,2020-09-01,2020-11-30
2,0,0,178,1.0,0.0,1.0,1.0,2,2,2020-09-01_2020-11-30,GraphCast,1 days,Pacific,24.0,SON_2020,season,SON,2020-09-01,2020-11-30
34,3,0,139,0.918918918918919,0.0,0.918918918918919,0.918918918918919,37,34,2020-09-01_2020-11-30,GraphCast,3 days,EuroAtlantic,72.0,SON_2020,season,SON,2020-09-01,2020-11-30
2,0,0,174,1.0,0.0,1.0,1.0,2,2,2020-09-01_2020-11-30,GraphCast,3 days,Pacific,72.0,SON_2020,season,SON,2020-09-01,2020-11-30
27,10,1,134,0.7297297297297297,0.0357142857142857,0.7105263157894737,0.7567567567567568,37,28,2020-09-01_2020-11-30,GraphCast,5 days,EuroAtlantic,120.0,SON_2020,season,SON,2020-09-01,2020-11-30
2,0,0,170,1.0,0.0,1.0,1.0,2,2,2020-09-01_2020-11-30,GraphCast,5 days,Pacific,120.0,SON_2020,season,SON,2020-09-01,2020-11-30
22,15,7,124,0.5945945945945946,0.2413793103448276,0.5,0.7837837837837838,37,29,2020-09-01_2020-11-30,GraphCast,7 days,EuroAtlantic,168.0,SON_2020,season,SON,2020-09-01,2020-11-30
0,2,2,164,0.0,1.0,0.0,1.0,2,2,2020-09-01_2020-11-30,GraphCast,7 days,Pacific,168.0,SON_2020,season,SON,2020-09-01,2020-11-30
35,2,2,141,0.945945945945946,0.054054054054054,0.8974358974358975,1.0,37,37,2020-09-01_2020-11-30,NeuralGCM,1 days,EuroAtlantic,24.0,SON_2020,season,SON,2020-09-01,2020-11-30
2,0,0,178,1.0,0.0,1.0,1.0,2,2,2020-09-01_2020-11-30,NeuralGCM,1 days,Pacific,24.0,SON_2020,season,SON,2020-09-01,2020-11-30
34,3,0,139,0.918918918918919,0.0,0.918918918918919,0.918918918918919,37,34,2020-09-01_2020-11-30,NeuralGCM,3 days,EuroAtlantic,72.0,SON_2020,season,SON,2020-09-01,2020-11-30
2,0,0,174,1.0,0.0,1.0,1.0,2,2,2020-09-01_2020-11-30,NeuralGCM,3 days,Pacific,72.0,SON_2020,season,SON,2020-09-01,2020-11-30
25,12,4,131,0.6756756756756757,0.1379310344827586,0.6097560975609756,0.7837837837837838,37,29,2020-09-01_2020-11-30,NeuralGCM,5 days,EuroAtlantic,120.0,SON_2020,season,SON,2020-09-01,2020-11-30
2,0,3,167,1.0,0.6,0.4,2.5,2,5,2020-09-01_2020-11-30,NeuralGCM,5 days,Pacific,120.0,SON_2020,season,SON,2020-09-01,2020-11-30
27,10,8,123,0.7297297297297297,0.2285714285714285,0.6,0.945945945945946,37,35,2020-09-01_2020-11-30,NeuralGCM,7 days,EuroAtlantic,168.0,SON_2020,season,SON,2020-09-01,2020-11-30
0,2,3,163,0.0,1.0,0.0,1.5,2,3,2020-09-01_2020-11-30,NeuralGCM,7 days,Pacific,168.0,SON_2020,season,SON,2020-09-01,2020-11-30
27,2,1,148,0.9310344827586208,0.0357142857142857,0.9,0.9655172413793104,29,28,2020-12-01_2021-02-28,HRES,1 days,EuroAtlantic,24.0,DJF_2021,season,DJF,2020-12-01,2021-02-28
2,1,0,175,0.6666666666666666,0.0,0.6666666666666666,0.6666666666666666,3,2,2020-12-01_2021-02-28,HRES,1 days,Pacific,24.0,DJF_2021,season,DJF,2020-12-01,2021-02-28
27,1,2,144,0.9642857142857144,0.0689655172413793,0.9,1.0357142857142858,28,29,2020-12-01_2021-02-28,HRES,3 days,EuroAtlantic,72.0,DJF_2021,season,DJF,2020-12-01,2021-02-28
0,3,0,171,0.0,0.0,0.0,0.0,3,0,2020-12-01_2021-02-28,HRES,3 days,Pacific,72.0,DJF_2021,season,DJF,2020-12-01,2021-02-28
23,4,7,136,0.8518518518518519,0.2333333333333333,0.6764705882352942,1.1111111111111112,27,30,2020-12-01_2021-02-28,HRES,5 days,EuroAtlantic,120.0,DJF_2021,season,DJF,2020-12-01,2021-02-28
1,2,1,166,0.3333333333333333,0.5,0.25,0.6666666666666666,3,2,2020-12-01_2021-02-28,HRES,5 days,Pacific,120.0,DJF_2021,season,DJF,2020-12-01,2021-02-28
19,4,16,127,0.8260869565217391,0.4571428571428571,0.4871794871794871,1.5217391304347827,23,35,2020-12-01_2021-02-28,HRES,7 days,EuroAtlantic,168.0,DJF_2021,season,DJF,2020-12-01,2021-02-28
0,3,2,161,0.0,1.0,0.0,0.6666666666666666,3,2,2020-12-01_2021-02-28,HRES,7 days,Pacific,168.0,DJF_2021,season,DJF,2020-12-01,2021-02-28
26,1,1,96,0.9629629629629628,0.037037037037037,0.9285714285714286,1.0,27,27,2020-12-01_2021-02-28,GraphCast,1 days,EuroAtlantic,24.0,DJF_2021,season,DJF,2020-12-01,2021-02-28
0,0,0,124,0.0,0.0,0.0,0.0,0,0,2020-12-01_2021-02-28,GraphCast,1 days,Pacific,24.0,DJF_2021,season,DJF,2020-12-01,2021-02-28
25,1,4,94,0.9615384615384616,0.1379310344827586,0.8333333333333334,1.1153846153846154,26,29,2020-12-01_2021-02-28,GraphCast,3 days,EuroAtlantic,72.0,DJF_2021,season,DJF,2020-12-01,2021-02-28
0,0,0,124,0.0,0.0,0.0,0.0,0,0,2020-12-01_2021-02-28,GraphCast,3 days,Pacific,72.0,DJF_2021,season,DJF,2020-12-01,2021-02-28
24,1,4,95,0.96,0.1428571428571428,0.8275862068965517,1.12,25,28,2020-12-01_2021-02-28,GraphCast,5 days,EuroAtlantic,120.0,DJF_2021,season,DJF,2020-12-01,2021-02-28
0,0,0,124,0.0,0.0,0.0,0.0,0,0,2020-12-01_2021-02-28,GraphCast,5 days,Pacific,120.0,DJF_2021,season,DJF,2020-12-01,2021-02-28
18,3,5,98,0.8571428571428571,0.217391304347826,0.6923076923076923,1.0952380952380951,21,23,2020-12-01_2021-02-28,GraphCast,7 days,EuroAtlantic,168.0,DJF_2021,season,DJF,2020-12-01,2021-02-28
1,0,1,122,1.0,0.5,0.5,2.0,1,2,2020-12-01_2021-02-28,GraphCast,7 days,Pacific,168.0,DJF_2021,season,DJF,2020-12-01,2021-02-28
16,0,0,46,1.0,0.0,1.0,1.0,16,16,2020-12-01_2021-02-28,NeuralGCM,1 days,EuroAtlantic,24.0,DJF_2021,season,DJF,2020-12-01,2021-02-28
0,0,0,62,0.0,0.0,0.0,0.0,0,0,2020-12-01_2021-02-28,NeuralGCM,1 days,Pacific,24.0,DJF_2021,season,DJF,2020-12-01,2021-02-28
16,1,0,45,0.9411764705882352,0.0,0.9411764705882352,0.9411764705882352,17,16,2020-12-01_2021-02-28,NeuralGCM,3 days,EuroAtlantic,72.0,DJF_2021,season,DJF,2020-12-01,2021-02-28
0,0,0,62,0.0,0.0,0.0,0.0,0,0,2020-12-01_2021-02-28,NeuralGCM,3 days,Pacific,72.0,DJF_2021,season,DJF,2020-12-01,2021-02-28
18,2,0,42,0.9,0.0,0.9,0.9,20,18,2020-12-01_2021-02-28,NeuralGCM,5 days,EuroAtlantic,120.0,DJF_2021,season,DJF,2020-12-01,2021-02-28
0,0,0,62,0.0,0.0,0.0,0.0,0,0,2020-12-01_2021-02-28,NeuralGCM,5 days,Pacific,120.0,DJF_2021,season,DJF,2020-12-01,2021-02-28
17,3,4,38,0.85,0.1904761904761904,0.7083333333333334,1.05,20,21,2020-12-01_2021-02-28,NeuralGCM,7 days,EuroAtlantic,168.0,DJF_2021,season,DJF,2020-12-01,2021-02-28
0,0,0,62,0.0,0.0,0.0,0.0,0,0,2020-12-01_2021-02-28,NeuralGCM,7 days,Pacific,168.0,DJF_2021,season,DJF,2020-12-01,2021-02-28
69,2,0,111,0.971830985915493,0.0,0.971830985915493,0.971830985915493,71,69,2021-03-01_2021-05-31,HRES,1 days,EuroAtlantic,24.0,MAM_2021,season,MAM,2021-03-01,2021-05-31
17,0,2,163,1.0,0.1052631578947368,0.8947368421052632,1.1176470588235294,17,19,2021-03-01_2021-05-31,HRES,1 days,Pacific,24.0,MAM_2021,season,MAM,2021-03-01,2021-05-31
66,4,0,108,0.9428571428571428,0.0,0.9428571428571428,0.9428571428571428,70,66,2021-03-01_2021-05-31,HRES,3 days,EuroAtlantic,72.0,MAM_2021,season,MAM,2021-03-01,2021-05-31
16,1,3,158,0.9411764705882352,0.1578947368421052,0.8,1.1176470588235294,17,19,2021-03-01_2021-05-31,HRES,3 days,Pacific,72.0,MAM_2021,season,MAM,2021-03-01,2021-05-31
64,6,4,100,0.9142857142857144,0.0588235294117647,0.8648648648648649,0.9714285714285714,70,68,2021-03-01_2021-05-31,HRES,5 days,EuroAtlantic,120.0,MAM_2021,season,MAM,2021-03-01,2021-05-31
14,3,6,151,0.8235294117647058,0.3,0.6086956521739131,1.1764705882352942,17,20,2021-03-01_2021-05-31,HRES,5 days,Pacific,120.0,MAM_2021,season,MAM,2021-03-01,2021-05-31
58,12,7,93,0.8285714285714286,0.1076923076923077,0.7532467532467533,0.9285714285714286,70,65,2021-03-01_2021-05-31,HRES,7 days,EuroAtlantic,168.0,MAM_2021,season,MAM,2021-03-01,2021-05-31
13,4,15,138,0.7647058823529411,0.5357142857142857,0.40625,1.6470588235294117,17,28,2021-03-01_2021-05-31,HRES,7 days,Pacific,168.0,MAM_2021,season,MAM,2021-03-01,2021-05-31
0,0,0,0,0.0,0.0,0.0,0.0,0,0,2021-03-01_2021-05-31,GraphCast,1 days,EuroAtlantic,24.0,MAM_2021,season,MAM,2021-03-01,2021-05-31
0,0,0,0,0.0,0.0,0.0,0.0,0,0,2021-03-01_2021-05-31,GraphCast,1 days,Pacific,24.0,MAM_2021,season,MAM,2021-03-01,2021-05-31
0,0,0,0,0.0,0.0,0.0,0.0,0,0,2021-03-01_2021-05-31,GraphCast,3 days,EuroAtlantic,72.0,MAM_2021,season,MAM,2021-03-01,2021-05-31
0,0,0,0,0.0,0.0,0.0,0.0,0,0,2021-03-01_2021-05-31,GraphCast,3 days,Pacific,72.0,MAM_2021,season,MAM,2021-03-01,2021-05-31
0,0,0,0,0.0,0.0,0.0,0.0,0,0,2021-03-01_2021-05-31,GraphCast,5 days,EuroAtlantic,120.0,MAM_2021,season,MAM,2021-03-01,2021-05-31
0,0,0,0,0.0,0.0,0.0,0.0,0,0,2021-03-01_2021-05-31,GraphCast,5 days,Pacific,120.0,MAM_2021,season,MAM,2021-03-01,2021-05-31
0,0,0,0,0.0,0.0,0.0,0.0,0,0,2021-03-01_2021-05-31,GraphCast,7 days,EuroAtlantic,168.0,MAM_2021,season,MAM,2021-03-01,2021-05-31
0,0,0,0,0.0,0.0,0.0,0.0,0,0,2021-03-01_2021-05-31,GraphCast,7 days,Pacific,168.0,MAM_2021,season,MAM,2021-03-01,2021-05-31
0,0,0,0,0.0,0.0,0.0,0.0,0,0,2021-03-01_2021-05-31,NeuralGCM,1 days,EuroAtlantic,24.0,MAM_2021,season,MAM,2021-03-01,2021-05-31
0,0,0,0,0.0,0.0,0.0,0.0,0,0,2021-03-01_2021-05-31,NeuralGCM,1 days,Pacific,24.0,MAM_2021,season,MAM,2021-03-01,2021-05-31
0,0,0,0,0.0,0.0,0.0,0.0,0,0,2021-03-01_2021-05-31,NeuralGCM,3 days,EuroAtlantic,72.0,MAM_2021,season,MAM,2021-03-01,2021-05-31
0,0,0,0,0.0,0.0,0.0,0.0,0,0,2021-03-01_2021-05-31,NeuralGCM,3 days,Pacific,72.0,MAM_2021,season,MAM,2021-03-01,2021-05-31
0,0,0,0,0.0,0.0,0.0,0.0,0,0,2021-03-01_2021-05-31,NeuralGCM,5 days,EuroAtlantic,120.0,MAM_2021,season,MAM,2021-03-01,2021-05-31
0,0,0,0,0.0,0.0,0.0,0.0,0,0,2021-03-01_2021-05-31,NeuralGCM,5 days,Pacific,120.0,MAM_2021,season,MAM,2021-03-01,2021-05-31
0,0,0,0,0.0,0.0,0.0,0.0,0,0,2021-03-01_2021-05-31,NeuralGCM,7 days,EuroAtlantic,168.0,MAM_2021,season,MAM,2021-03-01,2021-05-31
0,0,0,0,0.0,0.0,0.0,0.0,0,0,2021-03-01_2021-05-31,NeuralGCM,7 days,Pacific,168.0,MAM_2021,season,MAM,2021-03-01,2021-05-31
61,3,1,117,0.953125,0.0161290322580645,0.9384615384615383,0.96875,64,62,2021-06-01_2021-08-31,HRES,1 days,EuroAtlantic,24.0,JJA_2021,season,JJA,2021-06-01,2021-08-31
15,0,1,166,1.0,0.0625,0.9375,1.0666666666666669,15,16,2021-06-01_2021-08-31,HRES,1 days,Pacific,24.0,JJA_2021,season,JJA,2021-06-01,2021-08-31
55,5,3,115,0.9166666666666666,0.0517241379310344,0.873015873015873,0.9666666666666668,60,58,2021-06-01_2021-08-31,HRES,3 days,EuroAtlantic,72.0,JJA_2021,season,JJA,2021-06-01,2021-08-31
11,4,5,158,0.7333333333333333,0.3125,0.55,1.0666666666666669,15,16,2021-06-01_2021-08-31,HRES,3 days,Pacific,72.0,JJA_2021,season,JJA,2021-06-01,2021-08-31
42,14,3,115,0.75,0.0666666666666666,0.711864406779661,0.8035714285714286,56,45,2021-06-01_2021-08-31,HRES,5 days,EuroAtlantic,120.0,JJA_2021,season,JJA,2021-06-01,2021-08-31
7,5,7,155,0.5833333333333334,0.5,0.3684210526315789,1.1666666666666667,12,14,2021-06-01_2021-08-31,HRES,5 days,Pacific,120.0,JJA_2021,season,JJA,2021-06-01,2021-08-31
20,36,11,103,0.3571428571428571,0.3548387096774194,0.2985074626865671,0.5535714285714286,56,31,2021-06-01_2021-08-31,HRES,7 days,EuroAtlantic,168.0,JJA_2021,season,JJA,2021-06-01,2021-08-31
2,10,7,151,0.1666666666666666,0.7777777777777778,0.1052631578947368,0.75,12,9,2021-06-01_2021-08-31,HRES,7 days,Pacific,168.0,JJA_2021,season,JJA,2021-06-01,2021-08-31
0,0,0,0,0.0,0.0,0.0,0.0,0,0,2021-06-01_2021-08-31,GraphCast,1 days,EuroAtlantic,24.0,JJA_2021,season,JJA,2021-06-01,2021-08-31
0,0,0,0,0.0,0.0,0.0,0.0,0,0,2021-06-01_2021-08-31,GraphCast,1 days,Pacific,24.0,JJA_2021,season,JJA,2021-06-01,2021-08-31
0,0,0,0,0.0,0.0,0.0,0.0,0,0,2021-06-01_2021-08-31,GraphCast,3 days,EuroAtlantic,72.0,JJA_2021,season,JJA,2021-06-01,2021-08-31
0,0,0,0,0.0,0.0,0.0,0.0,0,0,2021-06-01_2021-08-31,GraphCast,3 days,Pacific,72.0,JJA_2021,season,JJA,2021-06-01,2021-08-31
0,0,0,0,0.0,0.0,0.0,0.0,0,0,2021-06-01_2021-08-31,GraphCast,5 days,EuroAtlantic,120.0,JJA_2021,season,JJA,2021-06-01,2021-08-31
0,0,0,0,0.0,0.0,0.0,0.0,0,0,2021-06-01_2021-08-31,GraphCast,5 days,Pacific,120.0,JJA_2021,season,JJA,2021-06-01,2021-08-31
0,0,0,0,0.0,0.0,0.0,0.0,0,0,2021-06-01_2021-08-31,GraphCast,7 days,EuroAtlantic,168.0,JJA_2021,season,JJA,2021-06-01,2021-08-31
0,0,0,0,0.0,0.0,0.0,0.0,0,0,2021-06-01_2021-08-31,GraphCast,7 days,Pacific,168.0,JJA_2021,season,JJA,2021-06-01,2021-08-31
0,0,0,0,0.0,0.0,0.0,0.0,0,0,2021-06-01_2021-08-31,NeuralGCM,1 days,EuroAtlantic,24.0,JJA_2021,season,JJA,2021-06-01,2021-08-31
0,0,0,0,0.0,0.0,0.0,0.0,0,0,2021-06-01_2021-08-31,NeuralGCM,1 days,Pacific,24.0,JJA_2021,season,JJA,2021-06-01,2021-08-31
0,0,0,0,0.0,0.0,0.0,0.0,0,0,2021-06-01_2021-08-31,NeuralGCM,3 days,EuroAtlantic,72.0,JJA_2021,season,JJA,2021-06-01,2021-08-31
0,0,0,0,0.0,0.0,0.0,0.0,0,0,2021-06-01_2021-08-31,NeuralGCM,3 days,Pacific,72.0,JJA_2021,season,JJA,2021-06-01,2021-08-31
0,0,0,0,0.0,0.0,0.0,0.0,0,0,2021-06-01_2021-08-31,NeuralGCM,5 days,EuroAtlantic,120.0,JJA_2021,season,JJA,2021-06-01,2021-08-31
0,0,0,0,0.0,0.0,0.0,0.0,0,0,2021-06-01_2021-08-31,NeuralGCM,5 days,Pacific,120.0,JJA_2021,season,JJA,2021-06-01,2021-08-31
0,0,0,0,0.0,0.0,0.0,0.0,0,0,2021-06-01_2021-08-31,NeuralGCM,7 days,EuroAtlantic,168.0,JJA_2021,season,JJA,2021-06-01,2021-08-31
0,0,0,0,0.0,0.0,0.0,0.0,0,0,2021-06-01_2021-08-31,NeuralGCM,7 days,Pacific,168.0,JJA_2021,season,JJA,2021-06-01,2021-08-31
30,1,1,148,0.967741935483871,0.032258064516129,0.9375,1.0,31,31,2021-09-01_2021-11-30,HRES,1 days,EuroAtlantic,24.0,SON_2021,season,SON,2021-09-01,2021-11-30
6,1,0,173,0.8571428571428571,0.0,0.8571428571428571,0.8571428571428571,7,6,2021-09-01_2021-11-30,HRES,1 days,Pacific,24.0,SON_2021,season,SON,2021-09-01,2021-11-30
25,4,3,144,0.8620689655172413,0.1071428571428571,0.78125,0.9655172413793104,29,28,2021-09-01_2021-11-30,HRES,3 days,EuroAtlantic,72.0,SON_2021,season,SON,2021-09-01,2021-11-30
5,2,1,168,0.7142857142857143,0.1666666666666666,0.625,0.8571428571428571,7,6,2021-09-01_2021-11-30,HRES,3 days,Pacific,72.0,SON_2021,season,SON,2021-09-01,2021-11-30
26,3,5,138,0.896551724137931,0.1612903225806451,0.7647058823529411,1.0689655172413792,29,31,2021-09-01_2021-11-30,HRES,5 days,EuroAtlantic,120.0,SON_2021,season,SON,2021-09-01,2021-11-30
4,3,3,162,0.5714285714285714,0.4285714285714285,0.4,1.0,7,7,2021-09-01_2021-11-30,HRES,5 days,Pacific,120.0,SON_2021,season,SON,2021-09-01,2021-11-30
22,7,11,128,0.7586206896551724,0.3333333333333333,0.55,1.137931034482759,29,33,2021-09-01_2021-11-30,HRES,7 days,EuroAtlantic,168.0,SON_2021,season,SON,2021-09-01,2021-11-30
5,2,1,160,0.7142857142857143,0.1666666666666666,0.625,0.8571428571428571,7,6,2021-09-01_2021-11-30,HRES,7 days,Pacific,168.0,SON_2021,season,SON,2021-09-01,2021-11-30
0,0,0,0,0.0,0.0,0.0,0.0,0,0,2021-09-01_2021-11-30,GraphCast,1 days,EuroAtlantic,24.0,SON_2021,season,SON,2021-09-01,2021-11-30
0,0,0,0,0.0,0.0,0.0,0.0,0,0,2021-09-01_2021-11-30,GraphCast,1 days,Pacific,24.0,SON_2021,season,SON,2021-09-01,2021-11-30
0,0,0,0,0.0,0.0,0.0,0.0,0,0,2021-09-01_2021-11-30,GraphCast,3 days,EuroAtlantic,72.0,SON_2021,season,SON,2021-09-01,2021-11-30
0,0,0,0,0.0,0.0,0.0,0.0,0,0,2021-09-01_2021-11-30,GraphCast,3 days,Pacific,72.0,SON_2021,season,SON,2021-09-01,2021-11-30
0,0,0,0,0.0,0.0,0.0,0.0,0,0,2021-09-01_2021-11-30,GraphCast,5 days,EuroAtlantic,120.0,SON_2021,season,SON,2021-09-01,2021-11-30
0,0,0,0,0.0,0.0,0.0,0.0,0,0,2021-09-01_2021-11-30,GraphCast,5 days,Pacific,120.0,SON_2021,season,SON,2021-09-01,2021-11-30
0,0,0,0,0.0,0.0,0.0,0.0,0,0,2021-09-01_2021-11-30,GraphCast,7 days,EuroAtlantic,168.0,SON_2021,season,SON,2021-09-01,2021-11-30
0,0,0,0,0.0,0.0,0.0,0.0,0,0,2021-09-01_2021-11-30,GraphCast,7 days,Pacific,168.0,SON_2021,season,SON,2021-09-01,2021-11-30
0,0,0,0,0.0,0.0,0.0,0.0,0,0,2021-09-01_2021-11-30,NeuralGCM,1 days,EuroAtlantic,24.0,SON_2021,season,SON,2021-09-01,2021-11-30
0,0,0,0,0.0,0.0,0.0,0.0,0,0,2021-09-01_2021-11-30,NeuralGCM,1 days,Pacific,24.0,SON_2021,season,SON,2021-09-01,2021-11-30
0,0,0,0,0.0,0.0,0.0,0.0,0,0,2021-09-01_2021-11-30,NeuralGCM,3 days,EuroAtlantic,72.0,SON_2021,season,SON,2021-09-01,2021-11-30
0,0,0,0,0.0,0.0,0.0,0.0,0,0,2021-09-01_2021-11-30,NeuralGCM,3 days,Pacific,72.0,SON_2021,season,SON,2021-09-01,2021-11-30
0,0,0,0,0.0,0.0,0.0,0.0,0,0,2021-09-01_2021-11-30,NeuralGCM,5 days,EuroAtlantic,120.0,SON_2021,season,SON,2021-09-01,2021-11-30
0,0,0,0,0.0,0.0,0.0,0.0,0,0,2021-09-01_2021-11-30,NeuralGCM,5 days,Pacific,120.0,SON_2021,season,SON,2021-09-01,2021-11-30
0,0,0,0,0.0,0.0,0.0,0.0,0,0,2021-09-01_2021-11-30,NeuralGCM,7 days,EuroAtlantic,168.0,SON_2021,season,SON,2021-09-01,2021-11-30
0,0,0,0,0.0,0.0,0.0,0.0,0,0,2021-09-01_2021-11-30,NeuralGCM,7 days,Pacific,168.0,SON_2021,season,SON,2021-09-01,2021-11-30
23,1,1,153,0.9583333333333334,0.0416666666666666,0.92,1.0,24,24,2021-12-01_2022-02-28,HRES,1 days,EuroAtlantic,24.0,DJF_2022,season,DJF,2021-12-01,2022-02-28
23,3,2,150,0.8846153846153846,0.08,0.8214285714285714,0.9615384615384616,26,25,2021-12-01_2022-02-28,HRES,1 days,Pacific,24.0,DJF_2022,season,DJF,2021-12-01,2022-02-28
23,1,2,148,0.9583333333333334,0.08,0.8846153846153846,1.0416666666666667,24,25,2021-12-01_2022-02-28,HRES,3 days,EuroAtlantic,72.0,DJF_2022,season,DJF,2021-12-01,2022-02-28
15,11,3,145,0.5769230769230769,0.1666666666666666,0.5172413793103449,0.6923076923076923,26,18,2021-12-01_2022-02-28,HRES,3 days,Pacific,72.0,DJF_2022,season,DJF,2021-12-01,2022-02-28
17,7,9,137,0.7083333333333334,0.3461538461538461,0.5151515151515151,1.0833333333333333,24,26,2021-12-01_2022-02-28,HRES,5 days,EuroAtlantic,120.0,DJF_2022,season,DJF,2021-12-01,2022-02-28
11,15,7,137,0.4230769230769231,0.3888888888888889,0.3333333333333333,0.6923076923076923,26,18,2021-12-01_2022-02-28,HRES,5 days,Pacific,120.0,DJF_2022,season,DJF,2021-12-01,2022-02-28
11,13,8,134,0.4583333333333333,0.4210526315789473,0.34375,0.7916666666666666,24,19,2021-12-01_2022-02-28,HRES,7 days,EuroAtlantic,168.0,DJF_2022,season,DJF,2021-12-01,2022-02-28
6,20,14,126,0.2307692307692307,0.7,0.15,0.7692307692307693,26,20,2021-12-01_2022-02-28,HRES,7 days,Pacific,168.0,DJF_2022,season,DJF,2021-12-01,2022-02-28
0,0,0,0,0.0,0.0,0.0,0.0,0,0,2021-12-01_2022-02-28,GraphCast,1 days,EuroAtlantic,24.0,DJF_2022,season,DJF,2021-12-01,2022-02-28
0,0,0,0,0.0,0.0,0.0,0.0,0,0,2021-12-01_2022-02-28,GraphCast,1 days,Pacific,24.0,DJF_2022,season,DJF,2021-12-01,2022-02-28
0,0,0,0,0.0,0.0,0.0,0.0,0,0,2021-12-01_2022-02-28,GraphCast,3 days,EuroAtlantic,72.0,DJF_2022,season,DJF,2021-12-01,2022-02-28
0,0,0,0,0.0,0.0,0.0,0.0,0,0,2021-12-01_2022-02-28,GraphCast,3 days,Pacific,72.0,DJF_2022,season,DJF,2021-12-01,2022-02-28
0,0,0,0,0.0,0.0,0.0,0.0,0,0,2021-12-01_2022-02-28,GraphCast,5 days,EuroAtlantic,120.0,DJF_2022,season,DJF,2021-12-01,2022-02-28
0,0,0,0,0.0,0.0,0.0,0.0,0,0,2021-12-01_2022-02-28,GraphCast,5 days,Pacific,120.0,DJF_2022,season,DJF,2021-12-01,2022-02-28
0,0,0,0,0.0,0.0,0.0,0.0,0,0,2021-12-01_2022-02-28,GraphCast,7 days,EuroAtlantic,168.0,DJF_2022,season,DJF,2021-12-01,2022-02-28
0,0,0,0,0.0,0.0,0.0,0.0,0,0,2021-12-01_2022-02-28,GraphCast,7 days,Pacific,168.0,DJF_2022,season,DJF,2021-12-01,2022-02-28
0,0,0,0,0.0,0.0,0.0,0.0,0,0,2021-12-01_2022-02-28,NeuralGCM,1 days,EuroAtlantic,24.0,DJF_2022,season,DJF,2021-12-01,2022-02-28
0,0,0,0,0.0,0.0,0.0,0.0,0,0,2021-12-01_2022-02-28,NeuralGCM,1 days,Pacific,24.0,DJF_2022,season,DJF,2021-12-01,2022-02-28
0,0,0,0,0.0,0.0,0.0,0.0,0,0,2021-12-01_2022-02-28,NeuralGCM,3 days,EuroAtlantic,72.0,DJF_2022,season,DJF,2021-12-01,2022-02-28
0,0,0,0,0.0,0.0,0.0,0.0,0,0,2021-12-01_2022-02-28,NeuralGCM,3 days,Pacific,72.0,DJF_2022,season,DJF,2021-12-01,2022-02-28
0,0,0,0,0.0,0.0,0.0,0.0,0,0,2021-12-01_2022-02-28,NeuralGCM,5 days,EuroAtlantic,120.0,DJF_2022,season,DJF,2021-12-01,2022-02-28
0,0,0,0,0.0,0.0,0.0,0.0,0,0,2021-12-01_2022-02-28,NeuralGCM,5 days,Pacific,120.0,DJF_2022,season,DJF,2021-12-01,2022-02-28
0,0,0,0,0.0,0.0,0.0,0.0,0,0,2021-12-01_2022-02-28,NeuralGCM,7 days,EuroAtlantic,168.0,DJF_2022,season,DJF,2021-12-01,2022-02-28
0,0,0,0,0.0,0.0,0.0,0.0,0,0,2021-12-01_2022-02-28,NeuralGCM,7 days,Pacific,168.0,DJF_2022,season,DJF,2021-12-01,2022-02-28
79,1,0,102,0.9875,0.0,0.9875,0.9875,80,79,2022-03-01_2022-05-31,HRES,1 days,EuroAtlantic,24.0,MAM_2022,season,MAM,2022-03-01,2022-05-31
36,1,1,144,0.972972972972973,0.027027027027027,0.9473684210526316,1.0,37,37,2022-03-01_2022-05-31,HRES,1 days,Pacific,24.0,MAM_2022,season,MAM,2022-03-01,2022-05-31
77,2,2,97,0.9746835443037974,0.0253164556962025,0.9506172839506172,1.0,79,79,2022-03-01_2022-05-31,HRES,3 days,EuroAtlantic,72.0,MAM_2022,season,MAM,2022-03-01,2022-05-31
32,5,5,136,0.8648648648648649,0.1351351351351351,0.7619047619047619,1.0,37,37,2022-03-01_2022-05-31,HRES,3 days,Pacific,72.0,MAM_2022,season,MAM,2022-03-01,2022-05-31
66,9,8,91,0.88,0.1081081081081081,0.7951807228915663,0.9866666666666668,75,74,2022-03-01_2022-05-31,HRES,5 days,EuroAtlantic,120.0,MAM_2022,season,MAM,2022-03-01,2022-05-31
27,10,12,125,0.7297297297297297,0.3076923076923077,0.5510204081632653,1.054054054054054,37,39,2022-03-01_2022-05-31,HRES,5 days,Pacific,120.0,MAM_2022,season,MAM,2022-03-01,2022-05-31
63,8,12,87,0.8873239436619719,0.16,0.7590361445783133,1.056338028169014,71,75,2022-03-01_2022-05-31,HRES,7 days,EuroAtlantic,168.0,MAM_2022,season,MAM,2022-03-01,2022-05-31
23,12,13,122,0.6571428571428571,0.3611111111111111,0.4791666666666667,1.0285714285714285,35,36,2022-03-01_2022-05-31,HRES,7 days,Pacific,168.0,MAM_2022,season,MAM,2022-03-01,2022-05-31
0,0,0,0,0.0,0.0,0.0,0.0,0,0,2022-03-01_2022-05-31,GraphCast,1 days,EuroAtlantic,24.0,MAM_2022,season,MAM,2022-03-01,2022-05-31
0,0,0,0,0.0,0.0,0.0,0.0,0,0,2022-03-01_2022-05-31,GraphCast,1 days,Pacific,24.0,MAM_2022,season,MAM,2022-03-01,2022-05-31
0,0,0,0,0.0,0.0,0.0,0.0,0,0,2022-03-01_2022-05-31,GraphCast,3 days,EuroAtlantic,72.0,MAM_2022,season,MAM,2022-03-01,2022-05-31
0,0,0,0,0.0,0.0,0.0,0.0,0,0,2022-03-01_2022-05-31,GraphCast,3 days,Pacific,72.0,MAM_2022,season,MAM,2022-03-01,2022-05-31
0,0,0,0,0.0,0.0,0.0,0.0,0,0,2022-03-01_2022-05-31,GraphCast,5 days,EuroAtlantic,120.0,MAM_2022,season,MAM,2022-03-01,2022-05-31
0,0,0,0,0.0,0.0,0.0,0.0,0,0,2022-03-01_2022-05-31,GraphCast,5 days,Pacific,120.0,MAM_2022,season,MAM,2022-03-01,2022-05-31
0,0,0,0,0.0,0.0,0.0,0.0,0,0,2022-03-01_2022-05-31,GraphCast,7 days,EuroAtlantic,168.0,MAM_2022,season,MAM,2022-03-01,2022-05-31
0,0,0,0,0.0,0.0,0.0,0.0,0,0,2022-03-01_2022-05-31,GraphCast,7 days,Pacific,168.0,MAM_2022,season,MAM,2022-03-01,2022-05-31
0,0,0,0,0.0,0.0,0.0,0.0,0,0,2022-03-01_2022-05-31,NeuralGCM,1 days,EuroAtlantic,24.0,MAM_2022,season,MAM,2022-03-01,2022-05-31
0,0,0,0,0.0,0.0,0.0,0.0,0,0,2022-03-01_2022-05-31,NeuralGCM,1 days,Pacific,24.0,MAM_2022,season,MAM,2022-03-01,2022-05-31
0,0,0,0,0.0,0.0,0.0,0.0,0,0,2022-03-01_2022-05-31,NeuralGCM,3 days,EuroAtlantic,72.0,MAM_2022,season,MAM,2022-03-01,2022-05-31
0,0,0,0,0.0,0.0,0.0,0.0,0,0,2022-03-01_2022-05-31,NeuralGCM,3 days,Pacific,72.0,MAM_2022,season,MAM,2022-03-01,2022-05-31
0,0,0,0,0.0,0.0,0.0,0.0,0,0,2022-03-01_2022-05-31,NeuralGCM,5 days,EuroAtlantic,120.0,MAM_2022,season,MAM,2022-03-01,2022-05-31
0,0,0,0,0.0,0.0,0.0,0.0,0,0,2022-03-01_2022-05-31,NeuralGCM,5 days,Pacific,120.0,MAM_2022,season,MAM,2022-03-01,2022-05-31
0,0,0,0,0.0,0.0,0.0,0.0,0,0,2022-03-01_2022-05-31,NeuralGCM,7 days,EuroAtlantic,168.0,MAM_2022,season,MAM,2022-03-01,2022-05-31
0,0,0,0,0.0,0.0,0.0,0.0,0,0,2022-03-01_2022-05-31,NeuralGCM,7 days,Pacific,168.0,MAM_2022,season,MAM,2022-03-01,2022-05-31
40,0,1,141,1.0,0.024390243902439,0.975609756097561,1.025,40,41,2022-06-01_2022-08-31,HRES,1 days,EuroAtlantic,24.0,JJA_2022,season,JJA,2022-06-01,2022-08-31
29,2,0,151,0.935483870967742,0.0,0.935483870967742,0.935483870967742,31,29,2022-06-01_2022-08-31,HRES,1 days,Pacific,24.0,JJA_2022,season,JJA,2022-06-01,2022-08-31
39,1,1,137,0.975,0.025,0.951219512195122,1.0,40,40,2022-06-01_2022-08-31,HRES,3 days,EuroAtlantic,72.0,JJA_2022,season,JJA,2022-06-01,2022-08-31
23,4,1,150,0.8518518518518519,0.0416666666666666,0.8214285714285714,0.8888888888888888,27,24,2022-06-01_2022-08-31,HRES,3 days,Pacific,72.0,JJA_2022,season,JJA,2022-06-01,2022-08-31
32,8,5,129,0.8,0.1351351351351351,0.7111111111111111,0.925,40,37,2022-06-01_2022-08-31,HRES,5 days,EuroAtlantic,120.0,JJA_2022,season,JJA,2022-06-01,2022-08-31
21,4,5,144,0.84,0.1923076923076923,0.7,1.04,25,26,2022-06-01_2022-08-31,HRES,5 days,Pacific,120.0,JJA_2022,season,JJA,2022-06-01,2022-08-31
21,19,13,117,0.525,0.3823529411764705,0.3962264150943396,0.85,40,34,2022-06-01_2022-08-31,HRES,7 days,EuroAtlantic,168.0,JJA_2022,season,JJA,2022-06-01,2022-08-31
16,9,5,140,0.64,0.238095238095238,0.5333333333333333,0.84,25,21,2022-06-01_2022-08-31,HRES,7 days,Pacific,168.0,JJA_2022,season,JJA,2022-06-01,2022-08-31
0,0,0,0,0.0,0.0,0.0,0.0,0,0,2022-06-01_2022-08-31,GraphCast,1 days,EuroAtlantic,24.0,JJA_2022,season,JJA,2022-06-01,2022-08-31
0,0,0,0,0.0,0.0,0.0,0.0,0,0,2022-06-01_2022-08-31,GraphCast,1 days,Pacific,24.0,JJA_2022,season,JJA,2022-06-01,2022-08-31
0,0,0,0,0.0,0.0,0.0,0.0,0,0,2022-06-01_2022-08-31,GraphCast,3 days,EuroAtlantic,72.0,JJA_2022,season,JJA,2022-06-01,2022-08-31
0,0,0,0,0.0,0.0,0.0,0.0,0,0,2022-06-01_2022-08-31,GraphCast,3 days,Pacific,72.0,JJA_2022,season,JJA,2022-06-01,2022-08-31
0,0,0,0,0.0,0.0,0.0,0.0,0,0,2022-06-01_2022-08-31,GraphCast,5 days,EuroAtlantic,120.0,JJA_2022,season,JJA,2022-06-01,2022-08-31
0,0,0,0,0.0,0.0,0.0,0.0,0,0,2022-06-01_2022-08-31,GraphCast,5 days,Pacific,120.0,JJA_2022,season,JJA,2022-06-01,2022-08-31
0,0,0,0,0.0,0.0,0.0,0.0,0,0,2022-06-01_2022-08-31,GraphCast,7 days,EuroAtlantic,168.0,JJA_2022,season,JJA,2022-06-01,2022-08-31
0,0,0,0,0.0,0.0,0.0,0.0,0,0,2022-06-01_2022-08-31,GraphCast,7 days,Pacific,168.0,JJA_2022,season,JJA,2022-06-01,2022-08-31
0,0,0,0,0.0,0.0,0.0,0.0,0,0,2022-06-01_2022-08-31,NeuralGCM,1 days,EuroAtlantic,24.0,JJA_2022,season,JJA,2022-06-01,2022-08-31
0,0,0,0,0.0,0.0,0.0,0.0,0,0,2022-06-01_2022-08-31,NeuralGCM,1 days,Pacific,24.0,JJA_2022,season,JJA,2022-06-01,2022-08-31
0,0,0,0,0.0,0.0,0.0,0.0,0,0,2022-06-01_2022-08-31,NeuralGCM,3 days,EuroAtlantic,72.0,JJA_2022,season,JJA,2022-06-01,2022-08-31
0,0,0,0,0.0,0.0,0.0,0.0,0,0,2022-06-01_2022-08-31,NeuralGCM,3 days,Pacific,72.0,JJA_2022,season,JJA,2022-06-01,2022-08-31
0,0,0,0,0.0,0.0,0.0,0.0,0,0,2022-06-01_2022-08-31,NeuralGCM,5 days,EuroAtlantic,120.0,JJA_2022,season,JJA,2022-06-01,2022-08-31
0,0,0,0,0.0,0.0,0.0,0.0,0,0,2022-06-01_2022-08-31,NeuralGCM,5 days,Pacific,120.0,JJA_2022,season,JJA,2022-06-01,2022-08-31
0,0,0,0,0.0,0.0,0.0,0.0,0,0,2022-06-01_2022-08-31,NeuralGCM,7 days,EuroAtlantic,168.0,JJA_2022,season,JJA,2022-06-01,2022-08-31
0,0,0,0,0.0,0.0,0.0,0.0,0,0,2022-06-01_2022-08-31,NeuralGCM,7 days,Pacific,168.0,JJA_2022,season,JJA,2022-06-01,2022-08-31
7,1,0,172,0.875,0.0,0.875,0.875,8,7,2022-09-01_2022-11-30,HRES,1 days,EuroAtlantic,24.0,SON_2022,season,SON,2022-09-01,2022-11-30
13,0,0,167,1.0,0.0,1.0,1.0,13,13,2022-09-01_2022-11-30,HRES,1 days,Pacific,24.0,SON_2022,season,SON,2022-09-01,2022-11-30
4,4,5,163,0.5,0.5555555555555556,0.3076923076923077,1.125,8,9,2022-09-01_2022-11-30,HRES,3 days,EuroAtlantic,72.0,SON_2022,season,SON,2022-09-01,2022-11-30
11,2,3,160,0.8461538461538461,0.2142857142857142,0.6875,1.0769230769230769,13,14,2022-09-01_2022-11-30,HRES,3 days,Pacific,72.0,SON_2022,season,SON,2022-09-01,2022-11-30
3,5,7,157,0.375,0.7,0.2,1.25,8,10,2022-09-01_2022-11-30,HRES,5 days,EuroAtlantic,120.0,SON_2022,season,SON,2022-09-01,2022-11-30
10,3,5,154,0.7692307692307693,0.3333333333333333,0.5555555555555556,1.1538461538461535,13,15,2022-09-01_2022-11-30,HRES,5 days,Pacific,120.0,SON_2022,season,SON,2022-09-01,2022-11-30
5,3,10,150,0.625,0.6666666666666666,0.2777777777777778,1.875,8,15,2022-09-01_2022-11-30,HRES,7 days,EuroAtlantic,168.0,SON_2022,season,SON,2022-09-01,2022-11-30
11,2,6,149,0.8461538461538461,0.3529411764705882,0.5789473684210527,1.3076923076923077,13,17,2022-09-01_2022-11-30,HRES,7 days,Pacific,168.0,SON_2022,season,SON,2022-09-01,2022-11-30
0,0,0,0,0.0,0.0,0.0,0.0,0,0,2022-09-01_2022-11-30,GraphCast,1 days,EuroAtlantic,24.0,SON_2022,season,SON,2022-09-01,2022-11-30
0,0,0,0,0.0,0.0,0.0,0.0,0,0,2022-09-01_2022-11-30,GraphCast,1 days,Pacific,24.0,SON_2022,season,SON,2022-09-01,2022-11-30
0,0,0,0,0.0,0.0,0.0,0.0,0,0,2022-09-01_2022-11-30,GraphCast,3 days,EuroAtlantic,72.0,SON_2022,season,SON,2022-09-01,2022-11-30
0,0,0,0,0.0,0.0,0.0,0.0,0,0,2022-09-01_2022-11-30,GraphCast,3 days,Pacific,72.0,SON_2022,season,SON,2022-09-01,2022-11-30
0,0,0,0,0.0,0.0,0.0,0.0,0,0,2022-09-01_2022-11-30,GraphCast,5 days,EuroAtlantic,120.0,SON_2022,season,SON,2022-09-01,2022-11-30
0,0,0,0,0.0,0.0,0.0,0.0,0,0,2022-09-01_2022-11-30,GraphCast,5 days,Pacific,120.0,SON_2022,season,SON,2022-09-01,2022-11-30
0,0,0,0,0.0,0.0,0.0,0.0,0,0,2022-09-01_2022-11-30,GraphCast,7 days,EuroAtlantic,168.0,SON_2022,season,SON,2022-09-01,2022-11-30
0,0,0,0,0.0,0.0,0.0,0.0,0,0,2022-09-01_2022-11-30,GraphCast,7 days,Pacific,168.0,SON_2022,season,SON,2022-09-01,2022-11-30
0,0,0,0,0.0,0.0,0.0,0.0,0,0,2022-09-01_2022-11-30,NeuralGCM,1 days,EuroAtlantic,24.0,SON_2022,season,SON,2022-09-01,2022-11-30
0,0,0,0,0.0,0.0,0.0,0.0,0,0,2022-09-01_2022-11-30,NeuralGCM,1 days,Pacific,24.0,SON_2022,season,SON,2022-09-01,2022-11-30
0,0,0,0,0.0,0.0,0.0,0.0,0,0,2022-09-01_2022-11-30,NeuralGCM,3 days,EuroAtlantic,72.0,SON_2022,season,SON,2022-09-01,2022-11-30
0,0,0,0,0.0,0.0,0.0,0.0,0,0,2022-09-01_2022-11-30,NeuralGCM,3 days,Pacific,72.0,SON_2022,season,SON,2022-09-01,2022-11-30
0,0,0,0,0.0,0.0,0.0,0.0,0,0,2022-09-01_2022-11-30,NeuralGCM,5 days,EuroAtlantic,120.0,SON_2022,season,SON,2022-09-01,2022-11-30
0,0,0,0,0.0,0.0,0.0,0.0,0,0,2022-09-01_2022-11-30,NeuralGCM,5 days,Pacific,120.0,SON_2022,season,SON,2022-09-01,2022-11-30
0,0,0,0,0.0,0.0,0.0,0.0,0,0,2022-09-01_2022-11-30,NeuralGCM,7 days,EuroAtlantic,168.0,SON_2022,season,SON,2022-09-01,2022-11-30
0,0,0,0,0.0,0.0,0.0,0.0,0,0,2022-09-01_2022-11-30,NeuralGCM,7 days,Pacific,168.0,SON_2022,season,SON,2022-09-01,2022-11-30
171,1,2,554,0.994186046511628,0.0115606936416184,0.9827586206896552,1.005813953488372,172,173,2018-01-01_2018-12-31,HRES,1 days,EuroAtlantic,24.0,2018,year,ALL,2018-01-01,2018-12-31
76,5,4,643,0.9382716049382716,0.05,0.8941176470588236,0.9876543209876544,81,80,2018-01-01_2018-12-31,HRES,1 days,Pacific,24.0,2018,year,ALL,2018-01-01,2018-12-31
163,9,16,536,0.9476744186046512,0.0893854748603352,0.8670212765957447,1.0406976744186047,172,179,2018-01-01_2018-12-31,HRES,3 days,EuroAtlantic,72.0,2018,year,ALL,2018-01-01,2018-12-31
69,10,12,633,0.8734177215189873,0.1481481481481481,0.7582417582417582,1.0253164556962024,79,81,2018-01-01_2018-12-31,HRES,3 days,Pacific,72.0,2018,year,ALL,2018-01-01,2018-12-31
149,23,34,514,0.8662790697674418,0.1857923497267759,0.7233009708737864,1.063953488372093,172,183,2018-01-01_2018-12-31,HRES,5 days,EuroAtlantic,120.0,2018,year,ALL,2018-01-01,2018-12-31
53,26,21,620,0.6708860759493671,0.2837837837837837,0.53,0.9367088607594936,79,74,2018-01-01_2018-12-31,HRES,5 days,Pacific,120.0,2018,year,ALL,2018-01-01,2018-12-31
115,55,66,480,0.6764705882352942,0.3646408839779005,0.4872881355932203,1.0647058823529412,170,181,2018-01-01_2018-12-31,HRES,7 days,EuroAtlantic,168.0,2018,year,ALL,2018-01-01,2018-12-31
35,44,31,606,0.4430379746835443,0.4696969696969697,0.3181818181818182,0.8354430379746836,79,66,2018-01-01_2018-12-31,HRES,7 days,Pacific,168.0,2018,year,ALL,2018-01-01,2018-12-31
0,0,0,0,0.0,0.0,0.0,0.0,0,0,2018-01-01_2018-12-31,GraphCast,1 days,EuroAtlantic,24.0,2018,year,ALL,2018-01-01,2018-12-31
0,0,0,0,0.0,0.0,0.0,0.0,0,0,2018-01-01_2018-12-31,GraphCast,1 days,Pacific,24.0,2018,year,ALL,2018-01-01,2018-12-31
0,0,0,0,0.0,0.0,0.0,0.0,0,0,2018-01-01_2018-12-31,GraphCast,3 days,EuroAtlantic,72.0,2018,year,ALL,2018-01-01,2018-12-31
0,0,0,0,0.0,0.0,0.0,0.0,0,0,2018-01-01_2018-12-31,GraphCast,3 days,Pacific,72.0,2018,year,ALL,2018-01-01,2018-12-31
0,0,0,0,0.0,0.0,0.0,0.0,0,0,2018-01-01_2018-12-31,GraphCast,5 days,EuroAtlantic,120.0,2018,year,ALL,2018-01-01,2018-12-31
0,0,0,0,0.0,0.0,0.0,0.0,0,0,2018-01-01_2018-12-31,GraphCast,5 days,Pacific,120.0,2018,year,ALL,2018-01-01,2018-12-31
0,0,0,0,0.0,0.0,0.0,0.0,0,0,2018-01-01_2018-12-31,GraphCast,7 days,EuroAtlantic,168.0,2018,year,ALL,2018-01-01,2018-12-31
0,0,0,0,0.0,0.0,0.0,0.0,0,0,2018-01-01_2018-12-31,GraphCast,7 days,Pacific,168.0,2018,year,ALL,2018-01-01,2018-12-31
0,0,0,0,0.0,0.0,0.0,0.0,0,0,2018-01-01_2018-12-31,NeuralGCM,1 days,EuroAtlantic,24.0,2018,year,ALL,2018-01-01,2018-12-31
0,0,0,0,0.0,0.0,0.0,0.0,0,0,2018-01-01_2018-12-31,NeuralGCM,1 days,Pacific,24.0,2018,year,ALL,2018-01-01,2018-12-31
0,0,0,0,0.0,0.0,0.0,0.0,0,0,2018-01-01_2018-12-31,NeuralGCM,3 days,EuroAtlantic,72.0,2018,year,ALL,2018-01-01,2018-12-31
0,0,0,0,0.0,0.0,0.0,0.0,0,0,2018-01-01_2018-12-31,NeuralGCM,3 days,Pacific,72.0,2018,year,ALL,2018-01-01,2018-12-31
0,0,0,0,0.0,0.0,0.0,0.0,0,0,2018-01-01_2018-12-31,NeuralGCM,5 days,EuroAtlantic,120.0,2018,year,ALL,2018-01-01,2018-12-31
0,0,0,0,0.0,0.0,0.0,0.0,0,0,2018-01-01_2018-12-31,NeuralGCM,5 days,Pacific,120.0,2018,year,ALL,2018-01-01,2018-12-31
0,0,0,0,0.0,0.0,0.0,0.0,0,0,2018-01-01_2018-12-31,NeuralGCM,7 days,EuroAtlantic,168.0,2018,year,ALL,2018-01-01,2018-12-31
0,0,0,0,0.0,0.0,0.0,0.0,0,0,2018-01-01_2018-12-31,NeuralGCM,7 days,Pacific,168.0,2018,year,ALL,2018-01-01,2018-12-31
117,4,4,603,0.9669421487603306,0.0330578512396694,0.936,1.0,121,121,2019-01-01_2019-12-31,HRES,1 days,EuroAtlantic,24.0,2019,year,ALL,2019-01-01,2019-12-31
113,2,7,606,0.982608695652174,0.0583333333333333,0.9262295081967212,1.0434782608695652,115,120,2019-01-01_2019-12-31,HRES,1 days,Pacific,24.0,2019,year,ALL,2019-01-01,2019-12-31
107,13,7,597,0.8916666666666667,0.0614035087719298,0.84251968503937,0.95,120,114,2019-01-01_2019-12-31,HRES,3 days,EuroAtlantic,72.0,2019,year,ALL,2019-01-01,2019-12-31
102,13,10,599,0.8869565217391304,0.0892857142857142,0.816,0.9739130434782608,115,112,2019-01-01_2019-12-31,HRES,3 days,Pacific,72.0,2019,year,ALL,2019-01-01,2019-12-31
95,22,19,584,0.811965811965812,0.1666666666666666,0.6985294117647058,0.9743589743589745,117,114,2019-01-01_2019-12-31,HRES,5 days,EuroAtlantic,120.0,2019,year,ALL,2019-01-01,2019-12-31
84,31,18,587,0.7304347826086957,0.1764705882352941,0.631578947368421,0.8869565217391304,115,102,2019-01-01_2019-12-31,HRES,5 days,Pacific,120.0,2019,year,ALL,2019-01-01,2019-12-31
71,42,56,547,0.6283185840707964,0.4409448818897638,0.4201183431952662,1.1238938053097345,113,127,2019-01-01_2019-12-31,HRES,7 days,EuroAtlantic,168.0,2019,year,ALL,2019-01-01,2019-12-31
46,69,46,555,0.4,0.5,0.2857142857142857,0.8,115,92,2019-01-01_2019-12-31,HRES,7 days,Pacific,168.0,2019,year,ALL,2019-01-01,2019-12-31
16,0,0,74,1.0,0.0,1.0,1.0,16,16,2019-01-01_2019-12-31,GraphCast,1 days,EuroAtlantic,24.0,2019,year,ALL,2019-01-01,2019-12-31
7,0,1,82,1.0,0.125,0.875,1.1428571428571428,7,8,2019-01-01_2019-12-31,GraphCast,1 days,Pacific,24.0,2019,year,ALL,2019-01-01,2019-12-31
11,5,0,70,0.6875,0.0,0.6875,0.6875,16,11,2019-01-01_2019-12-31,GraphCast,3 days,EuroAtlantic,72.0,2019,year,ALL,2019-01-01,2019-12-31
6,1,1,78,0.8571428571428571,0.1428571428571428,0.75,1.0,7,7,2019-01-01_2019-12-31,GraphCast,3 days,Pacific,72.0,2019,year,ALL,2019-01-01,2019-12-31
6,9,0,67,0.4,0.0,0.4,0.4,15,6,2019-01-01_2019-12-31,GraphCast,5 days,EuroAtlantic,120.0,2019,year,ALL,2019-01-01,2019-12-31
4,3,2,73,0.5714285714285714,0.3333333333333333,0.4444444444444444,0.8571428571428571,7,6,2019-01-01_2019-12-31,GraphCast,5 days,Pacific,120.0,2019,year,ALL,2019-01-01,2019-12-31
1,10,5,62,0.0909090909090909,0.8333333333333334,0.0625,0.5454545454545454,11,6,2019-01-01_2019-12-31,GraphCast,7 days,EuroAtlantic,168.0,2019,year,ALL,2019-01-01,2019-12-31
4,3,2,69,0.5714285714285714,0.3333333333333333,0.4444444444444444,0.8571428571428571,7,6,2019-01-01_2019-12-31,GraphCast,7 days,Pacific,168.0,2019,year,ALL,2019-01-01,2019-12-31
0,0,0,0,0.0,0.0,0.0,0.0,0,0,2019-01-01_2019-12-31,NeuralGCM,1 days,EuroAtlantic,24.0,2019,year,ALL,2019-01-01,2019-12-31
0,0,0,0,0.0,0.0,0.0,0.0,0,0,2019-01-01_2019-12-31,NeuralGCM,1 days,Pacific,24.0,2019,year,ALL,2019-01-01,2019-12-31
0,0,0,0,0.0,0.0,0.0,0.0,0,0,2019-01-01_2019-12-31,NeuralGCM,3 days,EuroAtlantic,72.0,2019,year,ALL,2019-01-01,2019-12-31
0,0,0,0,0.0,0.0,0.0,0.0,0,0,2019-01-01_2019-12-31,NeuralGCM,3 days,Pacific,72.0,2019,year,ALL,2019-01-01,2019-12-31
0,0,0,0,0.0,0.0,0.0,0.0,0,0,2019-01-01_2019-12-31,NeuralGCM,5 days,EuroAtlantic,120.0,2019,year,ALL,2019-01-01,2019-12-31
0,0,0,0,0.0,0.0,0.0,0.0,0,0,2019-01-01_2019-12-31,NeuralGCM,5 days,Pacific,120.0,2019,year,ALL,2019-01-01,2019-12-31
0,0,0,0,0.0,0.0,0.0,0.0,0,0,2019-01-01_2019-12-31,NeuralGCM,7 days,EuroAtlantic,168.0,2019,year,ALL,2019-01-01,2019-12-31
0,0,0,0,0.0,0.0,0.0,0.0,0,0,2019-01-01_2019-12-31,NeuralGCM,7 days,Pacific,168.0,2019,year,ALL,2019-01-01,2019-12-31
160,8,3,559,0.9523809523809524,0.0184049079754601,0.935672514619883,0.9702380952380952,168,163,2020-01-01_2020-12-31,HRES,1 days,EuroAtlantic,24.0,2020,year,ALL,2020-01-01,2020-12-31
54,1,5,670,0.9818181818181818,0.0847457627118644,0.9,1.0727272727272728,55,59,2020-01-01_2020-12-31,HRES,1 days,Pacific,24.0,2020,year,ALL,2020-01-01,2020-12-31
157,11,10,548,0.9345238095238096,0.059880239520958,0.8820224719101124,0.9940476190476192,168,167,2020-01-01_2020-12-31,HRES,3 days,EuroAtlantic,72.0,2020,year,ALL,2020-01-01,2020-12-31
48,7,3,668,0.8727272727272727,0.0588235294117647,0.8275862068965517,0.9272727272727272,55,51,2020-01-01_2020-12-31,HRES,3 days,Pacific,72.0,2020,year,ALL,2020-01-01,2020-12-31
129,39,17,537,0.7678571428571429,0.1164383561643835,0.6972972972972973,0.8690476190476191,168,146,2020-01-01_2020-12-31,HRES,5 days,EuroAtlantic,120.0,2020,year,ALL,2020-01-01,2020-12-31
39,16,17,650,0.7090909090909091,0.3035714285714285,0.5416666666666666,1.018181818181818,55,56,2020-01-01_2020-12-31,HRES,5 days,Pacific,120.0,2020,year,ALL,2020-01-01,2020-12-31
105,63,28,522,0.625,0.2105263157894736,0.5357142857142857,0.7916666666666666,168,133,2020-01-01_2020-12-31,HRES,7 days,EuroAtlantic,168.0,2020,year,ALL,2020-01-01,2020-12-31
29,26,24,639,0.5272727272727272,0.4528301886792453,0.3670886075949367,0.9636363636363636,55,53,2020-01-01_2020-12-31,HRES,7 days,Pacific,168.0,2020,year,ALL,2020-01-01,2020-12-31
161,7,5,557,0.9583333333333334,0.0301204819277108,0.930635838150289,0.988095238095238,168,166,2020-01-01_2020-12-31,GraphCast,1 days,EuroAtlantic,24.0,2020,year,ALL,2020-01-01,2020-12-31
54,1,3,672,0.9818181818181818,0.0526315789473684,0.9310344827586208,1.0363636363636364,55,57,2020-01-01_2020-12-31,GraphCast,1 days,Pacific,24.0,2020,year,ALL,2020-01-01,2020-12-31
156,12,9,549,0.9285714285714286,0.0545454545454545,0.8813559322033898,0.9821428571428572,168,165,2020-01-01_2020-12-31,GraphCast,3 days,EuroAtlantic,72.0,2020,year,ALL,2020-01-01,2020-12-31
51,4,3,668,0.9272727272727272,0.0555555555555555,0.8793103448275862,0.9818181818181818,55,54,2020-01-01_2020-12-31,GraphCast,3 days,Pacific,72.0,2020,year,ALL,2020-01-01,2020-12-31
134,34,12,542,0.7976190476190477,0.0821917808219178,0.7444444444444445,0.8690476190476191,168,146,2020-01-01_2020-12-31,GraphCast,5 days,EuroAtlantic,120.0,2020,year,ALL,2020-01-01,2020-12-31
38,17,7,660,0.6909090909090909,0.1555555555555555,0.6129032258064516,0.8181818181818182,55,45,2020-01-01_2020-12-31,GraphCast,5 days,Pacific,120.0,2020,year,ALL,2020-01-01,2020-12-31
103,65,34,516,0.6130952380952381,0.2481751824817518,0.5099009900990099,0.8154761904761905,168,137,2020-01-01_2020-12-31,GraphCast,7 days,EuroAtlantic,168.0,2020,year,ALL,2020-01-01,2020-12-31
16,39,21,642,0.2909090909090909,0.5675675675675675,0.2105263157894736,0.6727272727272727,55,37,2020-01-01_2020-12-31,GraphCast,7 days,Pacific,168.0,2020,year,ALL,2020-01-01,2020-12-31
161,7,6,556,0.9583333333333334,0.0359281437125748,0.9252873563218392,0.9940476190476192,168,167,2020-01-01_2020-12-31,NeuralGCM,1 days,EuroAtlantic,24.0,2020,year,ALL,2020-01-01,2020-12-31
54,1,1,674,0.9818181818181818,0.0181818181818181,0.9642857142857144,1.0,55,55,2020-01-01_2020-12-31,NeuralGCM,1 days,Pacific,24.0,2020,year,ALL,2020-01-01,2020-12-31
158,10,9,549,0.9404761904761904,0.0538922155688622,0.8926553672316384,0.9940476190476192,168,167,2020-01-01_2020-12-31,NeuralGCM,3 days,EuroAtlantic,72.0,2020,year,ALL,2020-01-01,2020-12-31
52,3,8,663,0.9454545454545454,0.1333333333333333,0.8253968253968254,1.0909090909090908,55,60,2020-01-01_2020-12-31,NeuralGCM,3 days,Pacific,72.0,2020,year,ALL,2020-01-01,2020-12-31
135,33,18,536,0.8035714285714286,0.1176470588235294,0.7258064516129032,0.9107142857142856,168,153,2020-01-01_2020-12-31,NeuralGCM,5 days,EuroAtlantic,120.0,2020,year,ALL,2020-01-01,2020-12-31
37,18,12,655,0.6727272727272727,0.2448979591836734,0.5522388059701493,0.8909090909090909,55,49,2020-01-01_2020-12-31,NeuralGCM,5 days,Pacific,120.0,2020,year,ALL,2020-01-01,2020-12-31
122,46,39,511,0.7261904761904762,0.2422360248447205,0.5893719806763285,0.9583333333333334,168,161,2020-01-01_2020-12-31,NeuralGCM,7 days,EuroAtlantic,168.0,2020,year,ALL,2020-01-01,2020-12-31
26,29,30,633,0.4727272727272727,0.5357142857142857,0.3058823529411765,1.018181818181818,55,56,2020-01-01_2020-12-31,NeuralGCM,7 days,Pacific,168.0,2020,year,ALL,2020-01-01,2020-12-31
185,7,3,533,0.9635416666666666,0.0159574468085106,0.9487179487179488,0.9791666666666666,192,188,2021-01-01_2021-12-31,HRES,1 days,EuroAtlantic,24.0,2021,year,ALL,2021-01-01,2021-12-31
43,2,3,680,0.9555555555555556,0.0652173913043478,0.8958333333333334,1.022222222222222,45,46,2021-01-01_2021-12-31,HRES,1 days,Pacific,24.0,2021,year,ALL,2021-01-01,2021-12-31
177,13,9,525,0.9315789473684212,0.0483870967741935,0.8894472361809045,0.9789473684210528,190,186,2021-01-01_2021-12-31,HRES,3 days,EuroAtlantic,72.0,2021,year,ALL,2021-01-01,2021-12-31
35,10,9,670,0.7777777777777778,0.2045454545454545,0.6481481481481481,0.9777777777777776,45,44,2021-01-01_2021-12-31,HRES,3 days,Pacific,72.0,2021,year,ALL,2021-01-01,2021-12-31
155,31,24,510,0.8333333333333334,0.1340782122905028,0.7380952380952381,0.9623655913978496,186,179,2021-01-01_2021-12-31,HRES,5 days,EuroAtlantic,120.0,2021,year,ALL,2021-01-01,2021-12-31
32,13,19,656,0.7111111111111111,0.3725490196078431,0.5,1.1333333333333333,45,51,2021-01-01_2021-12-31,HRES,5 days,Pacific,120.0,2021,year,ALL,2021-01-01,2021-12-31
117,65,43,491,0.6428571428571429,0.26875,0.52,0.8791208791208791,182,160,2021-01-01_2021-12-31,HRES,7 days,EuroAtlantic,168.0,2021,year,ALL,2021-01-01,2021-12-31
22,23,31,640,0.4888888888888889,0.5849056603773585,0.2894736842105263,1.1777777777777778,45,53,2021-01-01_2021-12-31,HRES,7 days,Pacific,168.0,2021,year,ALL,2021-01-01,2021-12-31
10,1,1,50,0.9090909090909092,0.0909090909090909,0.8333333333333334,1.0,11,11,2021-01-01_2021-12-31,GraphCast,1 days,EuroAtlantic,24.0,2021,year,ALL,2021-01-01,2021-12-31
0,0,0,62,0.0,0.0,0.0,0.0,0,0,2021-01-01_2021-12-31,GraphCast,1 days,Pacific,24.0,2021,year,ALL,2021-01-01,2021-12-31
9,0,3,50,1.0,0.25,0.75,1.3333333333333333,9,12,2021-01-01_2021-12-31,GraphCast,3 days,EuroAtlantic,72.0,2021,year,ALL,2021-01-01,2021-12-31
0,0,0,62,0.0,0.0,0.0,0.0,0,0,2021-01-01_2021-12-31,GraphCast,3 days,Pacific,72.0,2021,year,ALL,2021-01-01,2021-12-31
5,0,4,53,1.0,0.4444444444444444,0.5555555555555556,1.8,5,9,2021-01-01_2021-12-31,GraphCast,5 days,EuroAtlantic,120.0,2021,year,ALL,2021-01-01,2021-12-31
0,0,0,62,0.0,0.0,0.0,0.0,0,0,2021-01-01_2021-12-31,GraphCast,5 days,Pacific,120.0,2021,year,ALL,2021-01-01,2021-12-31
1,0,4,57,1.0,0.8,0.2,5.0,1,5,2021-01-01_2021-12-31,GraphCast,7 days,EuroAtlantic,168.0,2021,year,ALL,2021-01-01,2021-12-31
1,0,1,60,1.0,0.5,0.5,2.0,1,2,2021-01-01_2021-12-31,GraphCast,7 days,Pacific,168.0,2021,year,ALL,2021-01-01,2021-12-31
0,0,0,0,0.0,0.0,0.0,0.0,0,0,2021-01-01_2021-12-31,NeuralGCM,1 days,EuroAtlantic,24.0,2021,year,ALL,2021-01-01,2021-12-31
0,0,0,0,0.0,0.0,0.0,0.0,0,0,2021-01-01_2021-12-31,NeuralGCM,1 days,Pacific,24.0,2021,year,ALL,2021-01-01,2021-12-31
0,0,0,0,0.0,0.0,0.0,0.0,0,0,2021-01-01_2021-12-31,NeuralGCM,3 days,EuroAtlantic,72.0,2021,year,ALL,2021-01-01,2021-12-31
0,0,0,0,0.0,0.0,0.0,0.0,0,0,2021-01-01_2021-12-31,NeuralGCM,3 days,Pacific,72.0,2021,year,ALL,2021-01-01,2021-12-31
0,0,0,0,0.0,0.0,0.0,0.0,0,0,2021-01-01_2021-12-31,NeuralGCM,5 days,EuroAtlantic,120.0,2021,year,ALL,2021-01-01,2021-12-31
0,0,0,0,0.0,0.0,0.0,0.0,0,0,2021-01-01_2021-12-31,NeuralGCM,5 days,Pacific,120.0,2021,year,ALL,2021-01-01,2021-12-31
0,0,0,0,0.0,0.0,0.0,0.0,0,0,2021-01-01_2021-12-31,NeuralGCM,7 days,EuroAtlantic,168.0,2021,year,ALL,2021-01-01,2021-12-31
0,0,0,0,0.0,0.0,0.0,0.0,0,0,2021-01-01_2021-12-31,NeuralGCM,7 days,Pacific,168.0,2021,year,ALL,2021-01-01,2021-12-31
166,3,2,557,0.9822485207100592,0.0119047619047619,0.9707602339181286,0.9940828402366864,169,168,2022-01-01_2022-12-31,HRES,1 days,EuroAtlantic,24.0,2022,year,ALL,2022-01-01,2022-12-31
114,7,3,604,0.9421487603305784,0.0256410256410256,0.9193548387096774,0.9669421487603306,121,117,2022-01-01_2022-12-31,HRES,1 days,Pacific,24.0,2022,year,ALL,2022-01-01,2022-12-31
160,9,11,544,0.9467455621301776,0.0643274853801169,0.8888888888888888,1.0118343195266273,169,171,2022-01-01_2022-12-31,HRES,3 days,EuroAtlantic,72.0,2022,year,ALL,2022-01-01,2022-12-31
95,23,12,594,0.8050847457627118,0.1121495327102803,0.7307692307692307,0.9067796610169492,118,107,2022-01-01_2022-12-31,HRES,3 days,Pacific,72.0,2022,year,ALL,2022-01-01,2022-12-31
129,40,28,523,0.7633136094674556,0.1783439490445859,0.6548223350253807,0.9289940828402368,169,157,2022-01-01_2022-12-31,HRES,5 days,EuroAtlantic,120.0,2022,year,ALL,2022-01-01,2022-12-31
78,37,33,572,0.6782608695652174,0.2972972972972973,0.527027027027027,0.9652173913043478,115,111,2022-01-01_2022-12-31,HRES,5 days,Pacific,120.0,2022,year,ALL,2022-01-01,2022-12-31
111,58,52,495,0.6568047337278107,0.3190184049079754,0.502262443438914,0.9644970414201184,169,163,2022-01-01_2022-12-31,HRES,7 days,EuroAtlantic,168.0,2022,year,ALL,2022-01-01,2022-12-31
65,48,40,563,0.5752212389380531,0.3809523809523809,0.4248366013071895,0.9292035398230089,113,105,2022-01-01_2022-12-31,HRES,7 days,Pacific,168.0,2022,year,ALL,2022-01-01,2022-12-31
0,0,0,0,0.0,0.0,0.0,0.0,0,0,2022-01-01_2022-12-31,GraphCast,1 days,EuroAtlantic,24.0,2022,year,ALL,2022-01-01,2022-12-31
0,0,0,0,0.0,0.0,0.0,0.0,0,0,2022-01-01_2022-12-31,GraphCast,1 days,Pacific,24.0,2022,year,ALL,2022-01-01,2022-12-31
0,0,0,0,0.0,0.0,0.0,0.0,0,0,2022-01-01_2022-12-31,GraphCast,3 days,EuroAtlantic,72.0,2022,year,ALL,2022-01-01,2022-12-31
0,0,0,0,0.0,0.0,0.0,0.0,0,0,2022-01-01_2022-12-31,GraphCast,3 days,Pacific,72.0,2022,year,ALL,2022-01-01,2022-12-31
0,0,0,0,0.0,0.0,0.0,0.0,0,0,2022-01-01_2022-12-31,GraphCast,5 days,EuroAtlantic,120.0,2022,year,ALL,2022-01-01,2022-12-31
0,0,0,0,0.0,0.0,0.0,0.0,0,0,2022-01-01_2022-12-31,GraphCast,5 days,Pacific,120.0,2022,year,ALL,2022-01-01,2022-12-31
0,0,0,0,0.0,0.0,0.0,0.0,0,0,2022-01-01_2022-12-31,GraphCast,7 days,EuroAtlantic,168.0,2022,year,ALL,2022-01-01,2022-12-31
0,0,0,0,0.0,0.0,0.0,0.0,0,0,2022-01-01_2022-12-31,GraphCast,7 days,Pacific,168.0,2022,year,ALL,2022-01-01,2022-12-31
0,0,0,0,0.0,0.0,0.0,0.0,0,0,2022-01-01_2022-12-31,NeuralGCM,1 days,EuroAtlantic,24.0,2022,year,ALL,2022-01-01,2022-12-31
0,0,0,0,0.0,0.0,0.0,0.0,0,0,2022-01-01_2022-12-31,NeuralGCM,1 days,Pacific,24.0,2022,year,ALL,2022-01-01,2022-12-31
0,0,0,0,0.0,0.0,0.0,0.0,0,0,2022-01-01_2022-12-31,NeuralGCM,3 days,EuroAtlantic,72.0,2022,year,ALL,2022-01-01,2022-12-31
0,0,0,0,0.0,0.0,0.0,0.0,0,0,2022-01-01_2022-12-31,NeuralGCM,3 days,Pacific,72.0,2022,year,ALL,2022-01-01,2022-12-31
0,0,0,0,0.0,0.0,0.0,0.0,0,0,2022-01-01_2022-12-31,NeuralGCM,5 days,EuroAtlantic,120.0,2022,year,ALL,2022-01-01,2022-12-31
0,0,0,0,0.0,0.0,0.0,0.0,0,0,2022-01-01_2022-12-31,NeuralGCM,5 days,Pacific,120.0,2022,year,ALL,2022-01-01,2022-12-31
0,0,0,0,0.0,0.0,0.0,0.0,0,0,2022-01-01_2022-12-31,NeuralGCM,7 days,EuroAtlantic,168.0,2022,year,ALL,2022-01-01,2022-12-31
0,0,0,0,0.0,0.0,0.0,0.0,0,0,2022-01-01_2022-12-31,NeuralGCM,7 days,Pacific,168.0,2022,year,ALL,2022-01-01,2022-12-31
