window,variable,model,lead,rmse_mean,acc_mean,mae_mean,bias_mean,n_valid_times,lead_h,tag,bucket,season,start,end,rank_rmse,rank_acc
2018-01-01_2018-12-31,mslp,HRES,7 days,517.9355700779928,0.7582097142004782,306.40091881025506,-2.5267261640511163,716,168.0,2018,year,ALL,2018-01-01,2018-12-31,1.0,1.0
2018-01-01_2018-12-31,mslp,GraphCast,7 days,,,,,0,168.0,2018,year,ALL,2018-01-01,2018-12-31,,
2018-01-01_2018-12-31,t850,HRES,7 days,2.702097732115456,0.8503186368321775,1.7436186377977052,-0.0422696852008023,716,168.0,2018,year,ALL,2018-01-01,2018-12-31,1.0,1.0
2018-01-01_2018-12-31,t850,GraphCast,7 days,,,,,0,168.0,2018,year,ALL,2018-01-01,2018-12-31,,
2018-01-01_2018-12-31,t850,NeuralGCM,7 days,,,,,0,168.0,2018,year,ALL,2018-01-01,2018-12-31,,
2018-01-01_2018-12-31,u850,HRES,7 days,5.140725218755551,0.6217118272457142,3.5283614663000096,-0.0380529850651914,716,168.0,2018,year,ALL,2018-01-01,2018-12-31,1.0,1.0
2018-01-01_2018-12-31,u850,GraphCast,7 days,,,,,0,168.0,2018,year,ALL,2018-01-01,2018-12-31,,
2018-01-01_2018-12-31,u850,NeuralGCM,7 days,,,,,0,168.0,2018,year,ALL,2018-01-01,2018-12-31,,
2018-01-01_2018-12-31,v850,HRES,7 days,5.194675434141088,0.547385157343261,3.467577693233947,-0.0144761906195027,716,168.0,2018,year,ALL,2018-01-01,2018-12-31,1.0,1.0
2018-01-01_2018-12-31,v850,GraphCast,7 days,,,,,0,168.0,2018,year,ALL,2018-01-01,2018-12-31,,
2018-01-01_2018-12-31,v850,NeuralGCM,7 days,,,,,0,168.0,2018,year,ALL,2018-01-01,2018-12-31,,
2018-01-01_2018-12-31,z500,HRES,7 days,536.7407770777606,0.8553146826827175,317.86835452750734,-13.63945399264968,716,168.0,2018,year,ALL,2018-01-01,2018-12-31,1.0,1.0
2018-01-01_2018-12-31,z500,GraphCast,7 days,,,,,0,168.0,2018,year,ALL,2018-01-01,2018-12-31,,
2018-01-01_2018-12-31,z500,NeuralGCM,7 days,,,,,0,168.0,2018,year,ALL,2018-01-01,2018-12-31,,
2019-01-01_2019-12-31,mslp,GraphCast,7 days,428.7252973238944,0.7883175867545418,254.37425837606816,-4.0062177317637,78,168.0,2019,year,ALL,2019-01-01,2019-12-31,1.0,1.0
2019-01-01_2019-12-31,mslp,HRES,7 days,503.1964963311997,0.7662977181084145,298.9678327541044,-1.058063783118382,716,168.0,2019,year,ALL,2019-01-01,2019-12-31,2.0,2.0
2019-01-01_2019-12-31,t850,GraphCast,7 days,2.1955712365002014,0.7738638168856613,1.4206725852242392,-0.1140498869687837,78,168.0,2019,year,ALL,2019-01-01,2019-12-31,1.0,2.0
2019-01-01_2019-12-31,t850,HRES,7 days,2.639013959175392,0.85795236711217,1.720977418668474,-0.0840485480107723,716,168.0,2019,year,ALL,2019-01-01,2019-12-31,2.0,1.0
2019-01-01_2019-12-31,t850,NeuralGCM,7 days,,,,,0,168.0,2019,year,ALL,2019-01-01,2019-12-31,,
2019-01-01_2019-12-31,u850,GraphCast,7 days,4.225995933992645,0.6734521924743567,2.8547721682161864,0.04650920688003,78,168.0,2019,year,ALL,2019-01-01,2019-12-31,1.0,1.0
2019-01-01_2019-12-31,u850,HRES,7 days,5.049394091041458,0.6253772752613583,3.472959908861845,-0.040270151483171,716,168.0,2019,year,ALL,2019-01-01,2019-12-31,2.0,2.0
2019-01-01_2019-12-31,u850,NeuralGCM,7 days,,,,,0,168.0,2019,year,ALL,2019-01-01,2019-12-31,,
2019-01-01_2019-12-31,v850,GraphCast,7 days,4.2517123190204,0.6551842468197372,2.7945933327823766,0.0174426792247748,78,168.0,2019,year,ALL,2019-01-01,2019-12-31,1.0,1.0
2019-01-01_2019-12-31,v850,HRES,7 days,5.121726566215696,0.5702499231838057,3.423463235939364,-0.0069256990673166,716,168.0,2019,year,ALL,2019-01-01,2019-12-31,2.0,2.0
2019-01-01_2019-12-31,v850,NeuralGCM,7 days,,,,,0,168.0,2019,year,ALL,2019-01-01,2019-12-31,,
2019-01-01_2019-12-31,z500,GraphCast,7 days,442.9627159330044,0.8281870922809731,257.8322101005375,-12.61578005567665,78,168.0,2019,year,ALL,2019-01-01,2019-12-31,1.0,2.0
2019-01-01_2019-12-31,z500,HRES,7 days,518.2739042941364,0.872724762743475,308.0927668815211,-17.46121161543333,716,168.0,2019,year,ALL,2019-01-01,2019-12-31,2.0,1.0
2019-01-01_2019-12-31,z500,NeuralGCM,7 days,,,,,0,168.0,2019,year,ALL,2019-01-01,2019-12-31,,
2020-01-01_2020-12-31,mslp,GraphCast,7 days,451.59350051740273,0.81154683246879,265.1542303943533,-19.502885147178308,718,168.0,2020,year,ALL,2020-01-01,2020-12-31,1.0,1.0
2020-01-01_2020-12-31,mslp,HRES,7 days,504.1588428341563,0.7743324135878853,297.4743133722546,0.2895689486093873,718,168.0,2020,year,ALL,2020-01-01,2020-12-31,2.0,2.0
2020-01-01_2020-12-31,t850,GraphCast,7 days,2.3295515978115384,0.8875808302121663,1.4875999562386706,-0.1221263884590884,718,168.0,2020,year,ALL,2020-01-01,2020-12-31,1.0,1.0
2020-01-01_2020-12-31,t850,NeuralGCM,7 days,2.3738177646950542,0.8832993088515507,1.524059268701888,0.0549568587119694,718,168.0,2020,year,ALL,2020-01-01,2020-12-31,2.0,2.0
2020-01-01_2020-12-31,t850,HRES,7 days,2.640199791685262,0.8591279308209884,1.718198049101798,-0.0311267507778369,718,168.0,2020,year,ALL,2020-01-01,2020-12-31,3.0,3.0
2020-01-01_2020-12-31,u850,GraphCast,7 days,4.360939695741034,0.7035494503248524,2.949574036712916,0.0854640650681494,718,168.0,2020,year,ALL,2020-01-01,2020-12-31,1.0,1.0
2020-01-01_2020-12-31,u850,NeuralGCM,7 days,4.550696189019703,0.6917425072925751,3.0651486530739,0.0844742624562673,718,168.0,2020,year,ALL,2020-01-01,2020-12-31,2.0,2.0
2020-01-01_2020-12-31,u850,HRES,7 days,5.013425500814067,0.6350368534657537,3.438427815149694,-0.0354144650059576,718,168.0,2020,year,ALL,2020-01-01,2020-12-31,3.0,3.0
2020-01-01_2020-12-31,v850,GraphCast,7 days,4.436915614013492,0.6419106466342441,2.911276173886421,-0.0050848428471358,718,168.0,2020,year,ALL,2020-01-01,2020-12-31,1.0,1.0
2020-01-01_2020-12-31,v850,NeuralGCM,7 days,4.633747728749227,0.632369715910309,3.0417591718266057,0.0213813749605878,718,168.0,2020,year,ALL,2020-01-01,2020-12-31,2.0,2.0
2020-01-01_2020-12-31,v850,HRES,7 days,5.088544332391823,0.5699040844927411,3.390441362756392,-0.0012167523656727,718,168.0,2020,year,ALL,2020-01-01,2020-12-31,3.0,3.0
2020-01-01_2020-12-31,z500,GraphCast,7 days,464.43393339350735,0.8940495291621002,269.4230964616889,-30.843578142017105,718,168.0,2020,year,ALL,2020-01-01,2020-12-31,1.0,2.0
2020-01-01_2020-12-31,z500,NeuralGCM,7 days,465.42044021153833,0.8947919073303396,267.8072168891072,-0.4597557912197276,718,168.0,2020,year,ALL,2020-01-01,2020-12-31,2.0,1.0
2020-01-01_2020-12-31,z500,HRES,7 days,518.4735907693731,0.8702477568069195,305.7183616965786,-12.776865402299284,718,168.0,2020,year,ALL,2020-01-01,2020-12-31,3.0,3.0
2021-01-01_2021-12-31,mslp,GraphCast,7 days,436.72717846565655,0.7725981756966012,264.17535526543907,-20.773785212066407,62,168.0,2021,year,ALL,2021-01-01,2021-12-31,1.0,1.0
2021-01-01_2021-12-31,mslp,HRES,7 days,517.2640797873034,0.7560360975765135,305.2059191980818,0.8488393041738697,716,168.0,2021,year,ALL,2021-01-01,2021-12-31,2.0,2.0
2021-01-01_2021-12-31,t850,GraphCast,7 days,2.2831035262524906,0.7665536128162701,1.4634508740401362,-0.0633289505984105,62,168.0,2021,year,ALL,2021-01-01,2021-12-31,1.0,2.0
2021-01-01_2021-12-31,t850,HRES,7 days,2.703895415952742,0.8526581390429792,1.750997990643072,0.0084591021423301,716,168.0,2021,year,ALL,2021-01-01,2021-12-31,2.0,1.0
2021-01-01_2021-12-31,t850,NeuralGCM,7 days,,,,,0,168.0,2021,year,ALL,2021-01-01,2021-12-31,,
2021-01-01_2021-12-31,u850,GraphCast,7 days,4.331438536488046,0.6463992097366273,2.908682316433077,0.050842044643307,62,168.0,2021,year,ALL,2021-01-01,2021-12-31,1.0,1.0
2021-01-01_2021-12-31,u850,HRES,7 days,5.079512360716083,0.6217043345306855,3.4714803209978853,-0.0369963619162967,716,168.0,2021,year,ALL,2021-01-01,2021-12-31,2.0,2.0
2021-01-01_2021-12-31,u850,NeuralGCM,7 days,,,,,0,168.0,2021,year,ALL,2021-01-01,2021-12-31,,
2021-01-01_2021-12-31,v850,GraphCast,7 days,4.398879596869315,0.6255145459409693,2.8777189341839047,0.0278123113011957,62,168.0,2021,year,ALL,2021-01-01,2021-12-31,1.0,1.0
2021-01-01_2021-12-31,v850,HRES,7 days,5.135107148052332,0.5571381708461367,3.415964002170447,-0.0090901203532983,716,168.0,2021,year,ALL,2021-01-01,2021-12-31,2.0,2.0
2021-01-01_2021-12-31,v850,NeuralGCM,7 days,,,,,0,168.0,2021,year,ALL,2021-01-01,2021-12-31,,
2021-01-01_2021-12-31,z500,GraphCast,7 days,449.3975819551929,0.8120373342014636,266.468279270328,-24.37050244301228,62,168.0,2021,year,ALL,2021-01-01,2021-12-31,1.0,2.0
2021-01-01_2021-12-31,z500,HRES,7 days,529.9358115317059,0.8600828596997723,310.2868378724583,-2.036102710618084,716,168.0,2021,year,ALL,2021-01-01,2021-12-31,2.0,1.0
2021-01-01_2021-12-31,z500,NeuralGCM,7 days,,,,,0,168.0,2021,year,ALL,2021-01-01,2021-12-31,,
2022-01-01_2022-12-31,mslp,HRES,7 days,505.2329621324106,0.773114573899166,300.03700723607034,2.367648573710893,716,168.0,2022,year,ALL,2022-01-01,2022-12-31,1.0,1.0
2022-01-01_2022-12-31,mslp,GraphCast,7 days,,,,,0,168.0,2022,year,ALL,2022-01-01,2022-12-31,,
2022-01-01_2022-12-31,t850,HRES,7 days,2.6394124328434283,0.8593511902112835,1.729123512209035,0.0058956256994913,716,168.0,2022,year,ALL,2022-01-01,2022-12-31,1.0,1.0
2022-01-01_2022-12-31,t850,GraphCast,7 days,,,,,0,168.0,2022,year,ALL,2022-01-01,2022-12-31,,
2022-01-01_2022-12-31,t850,NeuralGCM,7 days,,,,,0,168.0,2022,year,ALL,2022-01-01,2022-12-31,,
2022-01-01_2022-12-31,u850,HRES,7 days,4.974073714799068,0.6342912455952834,3.401668348187231,-0.085653848842724,716,168.0,2022,year,ALL,2022-01-01,2022-12-31,1.0,1.0
2022-01-01_2022-12-31,u850,GraphCast,7 days,,,,,0,168.0,2022,year,ALL,2022-01-01,2022-12-31,,
2022-01-01_2022-12-31,u850,NeuralGCM,7 days,,,,,0,168.0,2022,year,ALL,2022-01-01,2022-12-31,,
2022-01-01_2022-12-31,v850,HRES,7 days,5.058119432112018,0.5748953904729991,3.362318502743625,-0.0114265901455264,716,168.0,2022,year,ALL,2022-01-01,2022-12-31,1.0,1.0
2022-01-01_2022-12-31,v850,GraphCast,7 days,,,,,0,168.0,2022,year,ALL,2022-01-01,2022-12-31,,
2022-01-01_2022-12-31,v850,NeuralGCM,7 days,,,,,0,168.0,2022,year,ALL,2022-01-01,2022-12-31,,
2022-01-01_2022-12-31,z500,HRES,7 days,518.48237454819,0.8671156470196555,301.9865612575735,26.72312773284238,716,168.0,2022,year,ALL,2022-01-01,2022-12-31,1.0,1.0
2022-01-01_2022-12-31,z500,GraphCast,7 days,,,,,0,168.0,2022,year,ALL,2022-01-01,2022-12-31,,
2022-01-01_2022-12-31,z500,NeuralGCM,7 days,,,,,0,168.0,2022,year,ALL,2022-01-01,2022-12-31,,
2018-12-01_2019-02-28,mslp,HRES,7 days,498.9261027522989,0.7300632017713153,301.86453463066977,-2.319331865377632,166,168.0,DJF_2019,season,DJF,2018-12-01,2019-02-28,1.0,1.0
2018-12-01_2019-02-28,mslp,GraphCast,7 days,,,,,0,168.0,DJF_2019,season,DJF,2018-12-01,2019-02-28,,
2018-12-01_2019-02-28,t850,HRES,7 days,2.643288039084745,0.7088510297144998,1.729003789719174,-0.1014173768815935,166,168.0,DJF_2019,season,DJF,2018-12-01,2019-02-28,1.0,1.0
2018-12-01_2019-02-28,t850,GraphCast,7 days,,,,,0,168.0,DJF_2019,season,DJF,2018-12-01,2019-02-28,,
2018-12-01_2019-02-28,t850,NeuralGCM,7 days,,,,,0,168.0,DJF_2019,season,DJF,2018-12-01,2019-02-28,,
2018-12-01_2019-02-28,u850,HRES,7 days,5.028058277650812,0.5707399604127729,3.4596153891834014,-0.0667989356620095,166,168.0,DJF_2019,season,DJF,2018-12-01,2019-02-28,1.0,1.0
2018-12-01_2019-02-28,u850,GraphCast,7 days,,,,,0,168.0,DJF_2019,season,DJF,2018-12-01,2019-02-28,,
2018-12-01_2019-02-28,u850,NeuralGCM,7 days,,,,,0,168.0,DJF_2019,season,DJF,2018-12-01,2019-02-28,,
2018-12-01_2019-02-28,v850,HRES,7 days,5.05895986185052,0.5553817552250886,3.390100387132138,-0.0177565299652587,166,168.0,DJF_2019,season,DJF,2018-12-01,2019-02-28,1.0,1.0
2018-12-01_2019-02-28,v850,GraphCast,7 days,,,,,0,168.0,DJF_2019,season,DJF,2018-12-01,2019-02-28,,
2018-12-01_2019-02-28,v850,NeuralGCM,7 days,,,,,0,168.0,DJF_2019,season,DJF,2018-12-01,2019-02-28,,
2018-12-01_2019-02-28,z500,HRES,7 days,515.3357885343573,0.7704296006825475,312.6792702863923,-21.357711756970264,166,168.0,DJF_2019,season,DJF,2018-12-01,2019-02-28,1.0,1.0
2018-12-01_2019-02-28,z500,GraphCast,7 days,,,,,0,168.0,DJF_2019,season,DJF,2018-12-01,2019-02-28,,
2018-12-01_2019-02-28,z500,NeuralGCM,7 days,,,,,0,168.0,DJF_2019,season,DJF,2018-12-01,2019-02-28,,
2019-12-01_2020-02-29,mslp,GraphCast,7 days,429.115293396971,0.7940544252144066,254.63267181405587,-16.31546050934373,168,168.0,DJF_2020,season,DJF,2019-12-01,2020-02-29,1.0,1.0
2019-12-01_2020-02-29,mslp,HRES,7 days,484.2272129269545,0.7473082886847554,291.25587654717674,-2.2433401312128267,168,168.0,DJF_2020,season,DJF,2019-12-01,2020-02-29,2.0,2.0
2019-12-01_2020-02-29,t850,GraphCast,7 days,2.242236212039992,0.781781830441473,1.4402336171376602,-0.1282595928620596,168,168.0,DJF_2020,season,DJF,2019-12-01,2020-02-29,1.0,1.0
2019-12-01_2020-02-29,t850,NeuralGCM,7 days,2.2742581931267933,0.771992925225516,1.466085188536633,0.0181160618183124,106,168.0,DJF_2020,season,DJF,2019-12-01,2020-02-29,2.0,2.0
2019-12-01_2020-02-29,t850,HRES,7 days,2.550480241899804,0.7291495941953602,1.6749825916632095,-0.1053095886908385,168,168.0,DJF_2020,season,DJF,2019-12-01,2020-02-29,3.0,3.0
2019-12-01_2020-02-29,u850,GraphCast,7 days,4.201487351347276,0.6876495697302876,2.847138913745872,0.0818553228923682,168,168.0,DJF_2020,season,DJF,2019-12-01,2020-02-29,1.0,1.0
2019-12-01_2020-02-29,u850,NeuralGCM,7 days,4.368691843827245,0.6670589871934707,2.9562791597037976,0.0734916176592489,106,168.0,DJF_2020,season,DJF,2019-12-01,2020-02-29,2.0,2.0
2019-12-01_2020-02-29,u850,HRES,7 days,4.90028665235455,0.6033587416027076,3.363327689580234,-0.0814110497570358,168,168.0,DJF_2020,season,DJF,2019-12-01,2020-02-29,3.0,3.0
2019-12-01_2020-02-29,v850,GraphCast,7 days,4.228733670345823,0.657311567708413,2.7889439777372638,0.0149029471664352,168,168.0,DJF_2020,season,DJF,2019-12-01,2020-02-29,1.0,1.0
2019-12-01_2020-02-29,v850,NeuralGCM,7 days,4.413533541837095,0.642959101018833,2.913054683888732,0.0216189995078562,106,168.0,DJF_2020,season,DJF,2019-12-01,2020-02-29,2.0,2.0
2019-12-01_2020-02-29,v850,HRES,7 days,4.88608596890969,0.5776145878449508,3.275114332557844,-0.014846076836818,168,168.0,DJF_2020,season,DJF,2019-12-01,2020-02-29,3.0,3.0
2019-12-01_2020-02-29,z500,GraphCast,7 days,436.51350218323137,0.8331542642075169,254.701609133859,-22.297585889443184,168,168.0,DJF_2020,season,DJF,2019-12-01,2020-02-29,1.0,1.0
2019-12-01_2020-02-29,z500,NeuralGCM,7 days,437.7334567577613,0.8287356229673882,256.77081586047814,-5.211299634172296,106,168.0,DJF_2020,season,DJF,2019-12-01,2020-02-29,2.0,2.0
2019-12-01_2020-02-29,z500,HRES,7 days,488.6500900963539,0.7975628581646625,300.26704613343423,-26.564561043114097,168,168.0,DJF_2020,season,DJF,2019-12-01,2020-02-29,3.0,3.0
2020-12-01_2021-02-28,mslp,GraphCast,7 days,425.5693864469703,0.7922287982842321,254.51489335249332,-17.996902833475485,124,168.0,DJF_2021,season,DJF,2020-12-01,2021-02-28,1.0,1.0
2020-12-01_2021-02-28,mslp,HRES,7 days,491.87332732474135,0.747398927264226,293.83182495273115,-0.2181531156973873,166,168.0,DJF_2021,season,DJF,2020-12-01,2021-02-28,2.0,2.0
2020-12-01_2021-02-28,t850,NeuralGCM,7 days,2.177351171426031,0.7331855768648944,1.4103447323151257,0.1108561514503697,62,168.0,DJF_2021,season,DJF,2020-12-01,2021-02-28,1.0,2.0
2020-12-01_2021-02-28,t850,GraphCast,7 days,2.2146245398316267,0.7669445179844259,1.423357021999446,-0.0684488416515776,124,168.0,DJF_2021,season,DJF,2020-12-01,2021-02-28,2.0,1.0
2020-12-01_2021-02-28,t850,HRES,7 days,2.63747675191647,0.7236626722041866,1.702314717839251,0.010276157124886,166,168.0,DJF_2021,season,DJF,2020-12-01,2021-02-28,3.0,3.0
2020-12-01_2021-02-28,u850,GraphCast,7 days,4.2555528029887,0.6536225871550302,2.856789595901825,0.0406461129055354,124,168.0,DJF_2021,season,DJF,2020-12-01,2021-02-28,1.0,1.0
2020-12-01_2021-02-28,u850,NeuralGCM,7 days,4.287161064787508,0.6350442900490564,2.8821740470050203,0.0674523725821138,62,168.0,DJF_2021,season,DJF,2020-12-01,2021-02-28,2.0,2.0
2020-12-01_2021-02-28,u850,HRES,7 days,4.943365502091702,0.5798198256680515,3.375624722894196,-0.0846487332707832,166,168.0,DJF_2021,season,DJF,2020-12-01,2021-02-28,3.0,3.0
2020-12-01_2021-02-28,v850,GraphCast,7 days,4.300456510188612,0.6256153589732228,2.80806036456184,0.0286639366358562,124,168.0,DJF_2021,season,DJF,2020-12-01,2021-02-28,1.0,1.0
2020-12-01_2021-02-28,v850,NeuralGCM,7 days,4.33732896153707,0.6163885548668918,2.8349941002163423,0.0490978706300753,62,168.0,DJF_2021,season,DJF,2020-12-01,2021-02-28,2.0,2.0
2020-12-01_2021-02-28,v850,HRES,7 days,5.006848777198115,0.54739084163328,3.318348114064554,-0.0148616078568921,166,168.0,DJF_2021,season,DJF,2020-12-01,2021-02-28,3.0,3.0
2020-12-01_2021-02-28,z500,NeuralGCM,7 days,407.5604532436995,0.8166961520290601,239.5944315879021,2.801189144739741,62,168.0,DJF_2021,season,DJF,2020-12-01,2021-02-28,1.0,2.0
2020-12-01_2021-02-28,z500,GraphCast,7 days,431.2015329618404,0.8215740158417579,255.6875876407894,-24.6614054196434,124,168.0,DJF_2021,season,DJF,2020-12-01,2021-02-28,2.0,1.0
2020-12-01_2021-02-28,z500,HRES,7 days,501.2299354315263,0.7860050510364722,301.11636403142944,-13.458397854184618,166,168.0,DJF_2021,season,DJF,2020-12-01,2021-02-28,3.0,3.0
2021-12-01_2022-02-28,mslp,HRES,7 days,493.932711679919,0.7550474382115023,298.5492545059414,-0.0242610893672438,166,168.0,DJF_2022,season,DJF,2021-12-01,2022-02-28,1.0,1.0
2021-12-01_2022-02-28,mslp,GraphCast,7 days,,,,,0,168.0,DJF_2022,season,DJF,2021-12-01,2022-02-28,,
2021-12-01_2022-02-28,t850,HRES,7 days,2.592728510432315,0.7242066841914203,1.704808588990188,-0.0322409328846841,166,168.0,DJF_2022,season,DJF,2021-12-01,2022-02-28,1.0,1.0
2021-12-01_2022-02-28,t850,GraphCast,7 days,,,,,0,168.0,DJF_2022,season,DJF,2021-12-01,2022-02-28,,
2021-12-01_2022-02-28,t850,NeuralGCM,7 days,,,,,0,168.0,DJF_2022,season,DJF,2021-12-01,2022-02-28,,
2021-12-01_2022-02-28,u850,HRES,7 days,4.83563471874071,0.6211531844097947,3.322715764934711,-0.145872981413914,166,168.0,DJF_2022,season,DJF,2021-12-01,2022-02-28,1.0,1.0
2021-12-01_2022-02-28,u850,GraphCast,7 days,,,,,0,168.0,DJF_2022,season,DJF,2021-12-01,2022-02-28,,
2021-12-01_2022-02-28,u850,NeuralGCM,7 days,,,,,0,168.0,DJF_2022,season,DJF,2021-12-01,2022-02-28,,
2021-12-01_2022-02-28,v850,HRES,7 days,4.9243797884725655,0.570683009709715,3.290076023464368,-0.0596077324604988,166,168.0,DJF_2022,season,DJF,2021-12-01,2022-02-28,1.0,1.0
2021-12-01_2022-02-28,v850,GraphCast,7 days,,,,,0,168.0,DJF_2022,season,DJF,2021-12-01,2022-02-28,,
2021-12-01_2022-02-28,v850,NeuralGCM,7 days,,,,,0,168.0,DJF_2022,season,DJF,2021-12-01,2022-02-28,,
2021-12-01_2022-02-28,z500,HRES,7 days,502.9210864736634,0.8015496032360072,297.8671221506393,18.482854104496397,166,168.0,DJF_2022,season,DJF,2021-12-01,2022-02-28,1.0,1.0
2021-12-01_2022-02-28,z500,GraphCast,7 days,,,,,0,168.0,DJF_2022,season,DJF,2021-12-01,2022-02-28,,
2021-12-01_2022-02-28,z500,NeuralGCM,7 days,,,,,0,168.0,DJF_2022,season,DJF,2021-12-01,2022-02-28,,
2018-06-01_2018-08-31,mslp,HRES,7 days,514.4679772187562,0.696886005520856,299.9415825431428,-4.373152109908553,170,168.0,JJA_2018,season,JJA,2018-06-01,2018-08-31,1.0,1.0
2018-06-01_2018-08-31,mslp,GraphCast,7 days,,,,,0,168.0,JJA_2018,season,JJA,2018-06-01,2018-08-31,,
2018-06-01_2018-08-31,t850,HRES,7 days,2.704103516454527,0.6321509126702501,1.7289599286312467,-0.0621293593089492,170,168.0,JJA_2018,season,JJA,2018-06-01,2018-08-31,1.0,1.0
2018-06-01_2018-08-31,t850,GraphCast,7 days,,,,,0,168.0,JJA_2018,season,JJA,2018-06-01,2018-08-31,,
2018-06-01_2018-08-31,t850,NeuralGCM,7 days,,,,,0,168.0,JJA_2018,season,JJA,2018-06-01,2018-08-31,,
2018-06-01_2018-08-31,u850,HRES,7 days,5.1632978625678,0.556636810327543,3.5501660152853285,0.0034318686262671,170,168.0,JJA_2018,season,JJA,2018-06-01,2018-08-31,1.0,1.0
2018-06-01_2018-08-31,u850,GraphCast,7 days,,,,,0,168.0,JJA_2018,season,JJA,2018-06-01,2018-08-31,,
2018-06-01_2018-08-31,u850,NeuralGCM,7 days,,,,,0,168.0,JJA_2018,season,JJA,2018-06-01,2018-08-31,,
2018-06-01_2018-08-31,v850,HRES,7 days,5.284370015895261,0.5093533420838539,3.5275898928409197,-0.0044926501795069,170,168.0,JJA_2018,season,JJA,2018-06-01,2018-08-31,1.0,1.0
2018-06-01_2018-08-31,v850,GraphCast,7 days,,,,,0,168.0,JJA_2018,season,JJA,2018-06-01,2018-08-31,,
2018-06-01_2018-08-31,v850,NeuralGCM,7 days,,,,,0,168.0,JJA_2018,season,JJA,2018-06-01,2018-08-31,,
2018-06-01_2018-08-31,z500,HRES,7 days,531.8940147774252,0.7433472445573396,308.7243400183348,-10.149437585026948,170,168.0,JJA_2018,season,JJA,2018-06-01,2018-08-31,1.0,1.0
2018-06-01_2018-08-31,z500,GraphCast,7 days,,,,,0,168.0,JJA_2018,season,JJA,2018-06-01,2018-08-31,,
2018-06-01_2018-08-31,z500,NeuralGCM,7 days,,,,,0,168.0,JJA_2018,season,JJA,2018-06-01,2018-08-31,,
2019-06-01_2019-08-31,mslp,HRES,7 days,504.5025868956067,0.7123548670342191,292.65467176384504,-1.625381084483019,170,168.0,JJA_2019,season,JJA,2019-06-01,2019-08-31,1.0,1.0
2019-06-01_2019-08-31,mslp,GraphCast,7 days,,,,,0,168.0,JJA_2019,season,JJA,2019-06-01,2019-08-31,,
2019-06-01_2019-08-31,t850,HRES,7 days,2.632124263708116,0.6556059236150659,1.7003640261487127,-0.0653187902397495,170,168.0,JJA_2019,season,JJA,2019-06-01,2019-08-31,1.0,1.0
2019-06-01_2019-08-31,t850,GraphCast,7 days,,,,,0,168.0,JJA_2019,season,JJA,2019-06-01,2019-08-31,,
2019-06-01_2019-08-31,t850,NeuralGCM,7 days,,,,,0,168.0,JJA_2019,season,JJA,2019-06-01,2019-08-31,,
2019-06-01_2019-08-31,u850,HRES,7 days,5.103940555578452,0.5650648100659855,3.5023843438586963,0.0079444359791901,170,168.0,JJA_2019,season,JJA,2019-06-01,2019-08-31,1.0,1.0
2019-06-01_2019-08-31,u850,GraphCast,7 days,,,,,0,168.0,JJA_2019,season,JJA,2019-06-01,2019-08-31,,
2019-06-01_2019-08-31,u850,NeuralGCM,7 days,,,,,0,168.0,JJA_2019,season,JJA,2019-06-01,2019-08-31,,
2019-06-01_2019-08-31,v850,HRES,7 days,5.147613357831067,0.5346476621874958,3.4337602658968387,0.0294439447540626,170,168.0,JJA_2019,season,JJA,2019-06-01,2019-08-31,1.0,1.0
2019-06-01_2019-08-31,v850,GraphCast,7 days,,,,,0,168.0,JJA_2019,season,JJA,2019-06-01,2019-08-31,,
2019-06-01_2019-08-31,v850,NeuralGCM,7 days,,,,,0,168.0,JJA_2019,season,JJA,2019-06-01,2019-08-31,,
2019-06-01_2019-08-31,z500,HRES,7 days,518.5337600380836,0.7560461248267923,301.7685054315018,-14.37977861500496,170,168.0,JJA_2019,season,JJA,2019-06-01,2019-08-31,1.0,1.0
2019-06-01_2019-08-31,z500,GraphCast,7 days,,,,,0,168.0,JJA_2019,season,JJA,2019-06-01,2019-08-31,,
2019-06-01_2019-08-31,z500,NeuralGCM,7 days,,,,,0,168.0,JJA_2019,season,JJA,2019-06-01,2019-08-31,,
2020-06-01_2020-08-31,mslp,GraphCast,7 days,454.642753164657,0.7473648087268969,260.0596909014152,-10.995547834733744,170,168.0,JJA_2020,season,JJA,2020-06-01,2020-08-31,1.0,1.0
2020-06-01_2020-08-31,mslp,HRES,7 days,494.15471820938814,0.7179037960803619,285.2048081645443,-1.5629874803102848,170,168.0,JJA_2020,season,JJA,2020-06-01,2020-08-31,2.0,2.0
2020-06-01_2020-08-31,t850,GraphCast,7 days,2.333094409487012,0.723649145214342,1.4694034612621472,-0.0944561967173144,170,168.0,JJA_2020,season,JJA,2020-06-01,2020-08-31,1.0,1.0
2020-06-01_2020-08-31,t850,NeuralGCM,7 days,2.373544492394986,0.7162629471419332,1.5099833425394824,0.0409122073930785,170,168.0,JJA_2020,season,JJA,2020-06-01,2020-08-31,2.0,2.0
2020-06-01_2020-08-31,t850,HRES,7 days,2.649294442615097,0.6611713092542496,1.7079273186738964,-0.0011681703989452,170,168.0,JJA_2020,season,JJA,2020-06-01,2020-08-31,3.0,3.0
2020-06-01_2020-08-31,u850,GraphCast,7 days,4.452157507053607,0.6358831305167845,2.985082783529293,0.107679499087387,170,168.0,JJA_2020,season,JJA,2020-06-01,2020-08-31,1.0,1.0
2020-06-01_2020-08-31,u850,NeuralGCM,7 days,4.626230593965707,0.6250544604212055,3.098431959276636,0.0814390768279672,170,168.0,JJA_2020,season,JJA,2020-06-01,2020-08-31,2.0,2.0
2020-06-01_2020-08-31,u850,HRES,7 days,5.046467338719175,0.5716269784751495,3.4539414316226487,0.00682525891629,170,168.0,JJA_2020,season,JJA,2020-06-01,2020-08-31,3.0,3.0
2020-06-01_2020-08-31,v850,GraphCast,7 days,4.470729981691679,0.607333171287764,2.9287331525713904,-0.0137463444234876,170,168.0,JJA_2020,season,JJA,2020-06-01,2020-08-31,1.0,1.0
2020-06-01_2020-08-31,v850,NeuralGCM,7 days,4.645217638369483,0.6004016172710789,3.05335520175774,0.017703701808984,170,168.0,JJA_2020,season,JJA,2020-06-01,2020-08-31,2.0,2.0
2020-06-01_2020-08-31,v850,HRES,7 days,5.097114318383071,0.5376072756029747,3.3971359084575763,0.0247427325458739,170,168.0,JJA_2020,season,JJA,2020-06-01,2020-08-31,3.0,3.0
2020-06-01_2020-08-31,z500,NeuralGCM,7 days,464.4102486141156,0.7998386342309074,263.96702431604206,-2.864929537040127,170,168.0,JJA_2020,season,JJA,2020-06-01,2020-08-31,1.0,1.0
2020-06-01_2020-08-31,z500,GraphCast,7 days,465.5069948029118,0.7963841569503562,264.2245636340757,-19.91929158513692,170,168.0,JJA_2020,season,JJA,2020-06-01,2020-08-31,2.0,2.0
2020-06-01_2020-08-31,z500,HRES,7 days,513.1012259169329,0.7627018244733482,294.0895849223887,-7.97329596236017,170,168.0,JJA_2020,season,JJA,2020-06-01,2020-08-31,3.0,3.0
2021-06-01_2021-08-31,mslp,HRES,7 days,515.2874956478947,0.6876031181763453,296.8198978654056,0.3333886023236113,170,168.0,JJA_2021,season,JJA,2021-06-01,2021-08-31,1.0,1.0
2021-06-01_2021-08-31,mslp,GraphCast,7 days,,,,,0,168.0,JJA_2021,season,JJA,2021-06-01,2021-08-31,,
2021-06-01_2021-08-31,t850,HRES,7 days,2.663871460638872,0.6535113220478668,1.723699662206315,0.0349313959155027,170,168.0,JJA_2021,season,JJA,2021-06-01,2021-08-31,1.0,1.0
2021-06-01_2021-08-31,t850,GraphCast,7 days,,,,,0,168.0,JJA_2021,season,JJA,2021-06-01,2021-08-31,,
2021-06-01_2021-08-31,t850,NeuralGCM,7 days,,,,,0,168.0,JJA_2021,season,JJA,2021-06-01,2021-08-31,,
2021-06-01_2021-08-31,u850,HRES,7 days,5.168286265116767,0.5578414605013187,3.5163015029387594,-0.0208107901528957,170,168.0,JJA_2021,season,JJA,2021-06-01,2021-08-31,1.0,1.0
2021-06-01_2021-08-31,u850,GraphCast,7 days,,,,,0,168.0,JJA_2021,season,JJA,2021-06-01,2021-08-31,,
2021-06-01_2021-08-31,u850,NeuralGCM,7 days,,,,,0,168.0,JJA_2021,season,JJA,2021-06-01,2021-08-31,,
2021-06-01_2021-08-31,v850,HRES,7 days,5.162840169260981,0.5154022719525841,3.4354225091455968,0.0145144407628333,170,168.0,JJA_2021,season,JJA,2021-06-01,2021-08-31,1.0,1.0
2021-06-01_2021-08-31,v850,GraphCast,7 days,,,,,0,168.0,JJA_2021,season,JJA,2021-06-01,2021-08-31,,
2021-06-01_2021-08-31,v850,NeuralGCM,7 days,,,,,0,168.0,JJA_2021,season,JJA,2021-06-01,2021-08-31,,
2021-06-01_2021-08-31,z500,HRES,7 days,521.9664782728703,0.7422716758454888,301.45588210428326,-2.636670351746776,170,168.0,JJA_2021,season,JJA,2021-06-01,2021-08-31,1.0,1.0
2021-06-01_2021-08-31,z500,GraphCast,7 days,,,,,0,168.0,JJA_2021,season,JJA,2021-06-01,2021-08-31,,
2021-06-01_2021-08-31,z500,NeuralGCM,7 days,,,,,0,168.0,JJA_2021,season,JJA,2021-06-01,2021-08-31,,
2022-06-01_2022-08-31,mslp,HRES,7 days,503.1627450851568,0.7100430286831907,292.71812155274006,2.8765266942297933,170,168.0,JJA_2022,season,JJA,2022-06-01,2022-08-31,1.0,1.0
2022-06-01_2022-08-31,mslp,GraphCast,7 days,,,,,0,168.0,JJA_2022,season,JJA,2022-06-01,2022-08-31,,
2022-06-01_2022-08-31,t850,HRES,7 days,2.6171843564601467,0.6645253611823373,1.7199876718047953,0.0233324825844115,170,168.0,JJA_2022,season,JJA,2022-06-01,2022-08-31,1.0,1.0
2022-06-01_2022-08-31,t850,GraphCast,7 days,,,,,0,168.0,JJA_2022,season,JJA,2022-06-01,2022-08-31,,
2022-06-01_2022-08-31,t850,NeuralGCM,7 days,,,,,0,168.0,JJA_2022,season,JJA,2022-06-01,2022-08-31,,
2022-06-01_2022-08-31,u850,HRES,7 days,4.992906603955746,0.5668905414279528,3.4020992283247984,-0.0411184177308216,170,168.0,JJA_2022,season,JJA,2022-06-01,2022-08-31,1.0,1.0
2022-06-01_2022-08-31,u850,GraphCast,7 days,,,,,0,168.0,JJA_2022,season,JJA,2022-06-01,2022-08-31,,
2022-06-01_2022-08-31,u850,NeuralGCM,7 days,,,,,0,168.0,JJA_2022,season,JJA,2022-06-01,2022-08-31,,
2022-06-01_2022-08-31,v850,HRES,7 days,5.088644353061975,0.5426233627902016,3.385623163603812,0.0222423955775838,170,168.0,JJA_2022,season,JJA,2022-06-01,2022-08-31,1.0,1.0
2022-06-01_2022-08-31,v850,GraphCast,7 days,,,,,0,168.0,JJA_2022,season,JJA,2022-06-01,2022-08-31,,
2022-06-01_2022-08-31,v850,NeuralGCM,7 days,,,,,0,168.0,JJA_2022,season,JJA,2022-06-01,2022-08-31,,
2022-06-01_2022-08-31,z500,HRES,7 days,507.8104826842442,0.7668187710016134,292.8098689593707,30.92609686244688,170,168.0,JJA_2022,season,JJA,2022-06-01,2022-08-31,1.0,1.0
2022-06-01_2022-08-31,z500,GraphCast,7 days,,,,,0,168.0,JJA_2022,season,JJA,2022-06-01,2022-08-31,,
2022-06-01_2022-08-31,z500,NeuralGCM,7 days,,,,,0,168.0,JJA_2022,season,JJA,2022-06-01,2022-08-31,,
2018-03-01_2018-05-31,mslp,HRES,7 days,534.0561672901516,0.6898650465951839,316.01878581819653,-2.925719485257177,170,168.0,MAM_2018,season,MAM,2018-03-01,2018-05-31,1.0,1.0
2018-03-01_2018-05-31,mslp,GraphCast,7 days,,,,,0,168.0,MAM_2018,season,MAM,2018-03-01,2018-05-31,,
2018-03-01_2018-05-31,t850,HRES,7 days,2.8261094559240765,0.7402450015291604,1.8175953142431864,-0.0254619414963152,170,168.0,MAM_2018,season,MAM,2018-03-01,2018-05-31,1.0,1.0
2018-03-01_2018-05-31,t850,GraphCast,7 days,,,,,0,168.0,MAM_2018,season,MAM,2018-03-01,2018-05-31,,
2018-03-01_2018-05-31,t850,NeuralGCM,7 days,,,,,0,168.0,MAM_2018,season,MAM,2018-03-01,2018-05-31,,
2018-03-01_2018-05-31,u850,HRES,7 days,5.30134250747779,0.5527402869794296,3.6195735655743473,-0.0427189304294622,170,168.0,MAM_2018,season,MAM,2018-03-01,2018-05-31,1.0,1.0
2018-03-01_2018-05-31,u850,GraphCast,7 days,,,,,0,168.0,MAM_2018,season,MAM,2018-03-01,2018-05-31,,
2018-03-01_2018-05-31,u850,NeuralGCM,7 days,,,,,0,168.0,MAM_2018,season,MAM,2018-03-01,2018-05-31,,
2018-03-01_2018-05-31,v850,HRES,7 days,5.330715029042656,0.508867251945892,3.543149081837432,-0.0367131060603505,170,168.0,MAM_2018,season,MAM,2018-03-01,2018-05-31,1.0,1.0
2018-03-01_2018-05-31,v850,GraphCast,7 days,,,,,0,168.0,MAM_2018,season,MAM,2018-03-01,2018-05-31,,
2018-03-01_2018-05-31,v850,NeuralGCM,7 days,,,,,0,168.0,MAM_2018,season,MAM,2018-03-01,2018-05-31,,
2018-03-01_2018-05-31,z500,HRES,7 days,565.1789772485872,0.7793794457202956,337.71655582111623,-22.057659761082704,170,168.0,MAM_2018,season,MAM,2018-03-01,2018-05-31,1.0,1.0
2018-03-01_2018-05-31,z500,GraphCast,7 days,,,,,0,168.0,MAM_2018,season,MAM,2018-03-01,2018-05-31,,
2018-03-01_2018-05-31,z500,NeuralGCM,7 days,,,,,0,168.0,MAM_2018,season,MAM,2018-03-01,2018-05-31,,
2019-03-01_2019-05-31,mslp,HRES,7 days,523.6082268225867,0.7049207926274074,310.28919876162047,-1.246047378429982,170,168.0,MAM_2019,season,MAM,2019-03-01,2019-05-31,1.0,1.0
2019-03-01_2019-05-31,mslp,GraphCast,7 days,,,,,0,168.0,MAM_2019,season,MAM,2019-03-01,2019-05-31,,
2019-03-01_2019-05-31,t850,HRES,7 days,2.7484711375224875,0.7480132936795629,1.7869809692701035,-0.1052651977484765,170,168.0,MAM_2019,season,MAM,2019-03-01,2019-05-31,1.0,1.0
2019-03-01_2019-05-31,t850,GraphCast,7 days,,,,,0,168.0,MAM_2019,season,MAM,2019-03-01,2019-05-31,,
2019-03-01_2019-05-31,t850,NeuralGCM,7 days,,,,,0,168.0,MAM_2019,season,MAM,2019-03-01,2019-05-31,,
2019-03-01_2019-05-31,u850,HRES,7 days,5.151802750777772,0.5613351359719334,3.5323732333460787,-0.0313107168209871,170,168.0,MAM_2019,season,MAM,2019-03-01,2019-05-31,1.0,1.0
2019-03-01_2019-05-31,u850,GraphCast,7 days,,,,,0,168.0,MAM_2019,season,MAM,2019-03-01,2019-05-31,,
2019-03-01_2019-05-31,u850,NeuralGCM,7 days,,,,,0,168.0,MAM_2019,season,MAM,2019-03-01,2019-05-31,,
2019-03-01_2019-05-31,v850,HRES,7 days,5.241773864440422,0.5219323804111833,3.486141973442009,-0.0166939492062296,170,168.0,MAM_2019,season,MAM,2019-03-01,2019-05-31,1.0,1.0
2019-03-01_2019-05-31,v850,GraphCast,7 days,,,,,0,168.0,MAM_2019,season,MAM,2019-03-01,2019-05-31,,
2019-03-01_2019-05-31,v850,NeuralGCM,7 days,,,,,0,168.0,MAM_2019,season,MAM,2019-03-01,2019-05-31,,
2019-03-01_2019-05-31,z500,HRES,7 days,544.2166194781474,0.8022102083513102,322.47056183848576,-19.786106963275365,170,168.0,MAM_2019,season,MAM,2019-03-01,2019-05-31,1.0,1.0
2019-03-01_2019-05-31,z500,GraphCast,7 days,,,,,0,168.0,MAM_2019,season,MAM,2019-03-01,2019-05-31,,
2019-03-01_2019-05-31,z500,NeuralGCM,7 days,,,,,0,168.0,MAM_2019,season,MAM,2019-03-01,2019-05-31,,
2020-03-01_2020-05-31,mslp,GraphCast,7 days,481.3744738676252,0.7617000374703613,283.19806430579126,-23.164336185266365,170,168.0,MAM_2020,season,MAM,2020-03-01,2020-05-31,1.0,1.0
2020-03-01_2020-05-31,mslp,HRES,7 days,538.1241183236258,0.7147906485525746,318.0849614503231,-0.4102150361449777,170,168.0,MAM_2020,season,MAM,2020-03-01,2020-05-31,2.0,2.0
2020-03-01_2020-05-31,t850,GraphCast,7 days,2.4730036247937845,0.8033308101666073,1.570923339850396,-0.1156278424722991,170,168.0,MAM_2020,season,MAM,2020-03-01,2020-05-31,1.0,1.0
2020-03-01_2020-05-31,t850,NeuralGCM,7 days,2.5213196213284625,0.797238120322201,1.6114802557482395,0.0656913277308811,170,168.0,MAM_2020,season,MAM,2020-03-01,2020-05-31,2.0,2.0
2020-03-01_2020-05-31,t850,HRES,7 days,2.7765754430442864,0.758824027313563,1.798464304923191,-0.0372030471232967,170,168.0,MAM_2020,season,MAM,2020-03-01,2020-05-31,3.0,3.0
2020-03-01_2020-05-31,u850,GraphCast,7 days,4.535301664629481,0.6562323494601611,3.0617920771965887,0.1036636906977327,170,168.0,MAM_2020,season,MAM,2020-03-01,2020-05-31,1.0,1.0
2020-03-01_2020-05-31,u850,NeuralGCM,7 days,4.718540869032785,0.6465369633781026,3.1730561588495703,0.1005036469868638,170,168.0,MAM_2020,season,MAM,2020-03-01,2020-05-31,2.0,2.0
2020-03-01_2020-05-31,u850,HRES,7 days,5.209175015483752,0.5805602245459214,3.555627004378064,-0.0442985025666338,170,168.0,MAM_2020,season,MAM,2020-03-01,2020-05-31,3.0,3.0
2020-03-01_2020-05-31,v850,GraphCast,7 days,4.646658262868297,0.5996542082999259,3.030488168462066,-0.0179794148069144,170,168.0,MAM_2020,season,MAM,2020-03-01,2020-05-31,1.0,1.0
2020-03-01_2020-05-31,v850,NeuralGCM,7 days,4.833108393032633,0.592526162293053,3.15930499800101,-0.0011994893287648,170,168.0,MAM_2020,season,MAM,2020-03-01,2020-05-31,2.0,2.0
2020-03-01_2020-05-31,v850,HRES,7 days,5.263752386448581,0.5336218421301531,3.493358991738915,-0.0026026530760827,170,168.0,MAM_2020,season,MAM,2020-03-01,2020-05-31,3.0,3.0
2020-03-01_2020-05-31,z500,GraphCast,7 days,505.9266776343224,0.8318183418192672,290.6817681306043,-34.86802223987738,170,168.0,MAM_2020,season,MAM,2020-03-01,2020-05-31,1.0,2.0
2020-03-01_2020-05-31,z500,NeuralGCM,7 days,506.1646202173122,0.8358602599655136,286.9543258878004,3.2348906362739163,170,168.0,MAM_2020,season,MAM,2020-03-01,2020-05-31,2.0,1.0
2020-03-01_2020-05-31,z500,HRES,7 days,561.5982790393555,0.7991548132035868,329.2999168013092,-18.32494625873152,170,168.0,MAM_2020,season,MAM,2020-03-01,2020-05-31,3.0,3.0
2021-03-01_2021-05-31,mslp,HRES,7 days,538.8201162996158,0.7038406162907368,318.84585400588264,0.6183099455876266,170,168.0,MAM_2021,season,MAM,2021-03-01,2021-05-31,1.0,1.0
2021-03-01_2021-05-31,mslp,GraphCast,7 days,,,,,0,168.0,MAM_2021,season,MAM,2021-03-01,2021-05-31,,
2021-03-01_2021-05-31,t850,HRES,7 days,2.8382032305361027,0.7489894593904086,1.818745320438816,0.0306073960948445,170,168.0,MAM_2021,season,MAM,2021-03-01,2021-05-31,1.0,1.0
2021-03-01_2021-05-31,t850,GraphCast,7 days,,,,,0,168.0,MAM_2021,season,MAM,2021-03-01,2021-05-31,,
2021-03-01_2021-05-31,t850,NeuralGCM,7 days,,,,,0,168.0,MAM_2021,season,MAM,2021-03-01,2021-05-31,,
2021-03-01_2021-05-31,u850,HRES,7 days,5.174781542629044,0.579268432908701,3.54638802112015,-0.0018460407861166,170,168.0,MAM_2021,season,MAM,2021-03-01,2021-05-31,1.0,1.0
2021-03-01_2021-05-31,u850,GraphCast,7 days,,,,,0,168.0,MAM_2021,season,MAM,2021-03-01,2021-05-31,,
2021-03-01_2021-05-31,u850,NeuralGCM,7 days,,,,,0,168.0,MAM_2021,season,MAM,2021-03-01,2021-05-31,,
2021-03-01_2021-05-31,v850,HRES,7 days,5.246774121411898,0.5280717260824259,3.481369237240301,-0.0136316846986073,170,168.0,MAM_2021,season,MAM,2021-03-01,2021-05-31,1.0,1.0
2021-03-01_2021-05-31,v850,GraphCast,7 days,,,,,0,168.0,MAM_2021,season,MAM,2021-03-01,2021-05-31,,
2021-03-01_2021-05-31,v850,NeuralGCM,7 days,,,,,0,168.0,MAM_2021,season,MAM,2021-03-01,2021-05-31,,
2021-03-01_2021-05-31,z500,HRES,7 days,567.778574180201,0.7892039868290005,331.3979464150816,-14.634078823220705,170,168.0,MAM_2021,season,MAM,2021-03-01,2021-05-31,1.0,1.0
2021-03-01_2021-05-31,z500,GraphCast,7 days,,,,,0,168.0,MAM_2021,season,MAM,2021-03-01,2021-05-31,,
2021-03-01_2021-05-31,z500,NeuralGCM,7 days,,,,,0,168.0,MAM_2021,season,MAM,2021-03-01,2021-05-31,,
2022-03-01_2022-05-31,mslp,HRES,7 days,510.2521421540469,0.7386274922563568,303.9367287054084,2.420198773214544,170,168.0,MAM_2022,season,MAM,2022-03-01,2022-05-31,1.0,1.0
2022-03-01_2022-05-31,mslp,GraphCast,7 days,,,,,0,168.0,MAM_2022,season,MAM,2022-03-01,2022-05-31,,
2022-03-01_2022-05-31,t850,HRES,7 days,2.728068915795697,0.7622519615441452,1.7768213207771286,0.0481197392364383,170,168.0,MAM_2022,season,MAM,2022-03-01,2022-05-31,1.0,1.0
2022-03-01_2022-05-31,t850,GraphCast,7 days,,,,,0,168.0,MAM_2022,season,MAM,2022-03-01,2022-05-31,,
2022-03-01_2022-05-31,t850,NeuralGCM,7 days,,,,,0,168.0,MAM_2022,season,MAM,2022-03-01,2022-05-31,,
2022-03-01_2022-05-31,u850,HRES,7 days,5.050515454670291,0.5926776652404677,3.445708240960887,-0.052462252245534,170,168.0,MAM_2022,season,MAM,2022-03-01,2022-05-31,1.0,1.0
2022-03-01_2022-05-31,u850,GraphCast,7 days,,,,,0,168.0,MAM_2022,season,MAM,2022-03-01,2022-05-31,,
2022-03-01_2022-05-31,u850,NeuralGCM,7 days,,,,,0,168.0,MAM_2022,season,MAM,2022-03-01,2022-05-31,,
2022-03-01_2022-05-31,v850,HRES,7 days,5.099193471151229,0.5634782645065967,3.383634946936685,-0.0130349981107946,170,168.0,MAM_2022,season,MAM,2022-03-01,2022-05-31,1.0,1.0
2022-03-01_2022-05-31,v850,GraphCast,7 days,,,,,0,168.0,MAM_2022,season,MAM,2022-03-01,2022-05-31,,
2022-03-01_2022-05-31,v850,NeuralGCM,7 days,,,,,0,168.0,MAM_2022,season,MAM,2022-03-01,2022-05-31,,
2022-03-01_2022-05-31,z500,HRES,7 days,535.1645935464715,0.8066974674118228,311.14589481279484,28.326952209310697,170,168.0,MAM_2022,season,MAM,2022-03-01,2022-05-31,1.0,1.0
2022-03-01_2022-05-31,z500,GraphCast,7 days,,,,,0,168.0,MAM_2022,season,MAM,2022-03-01,2022-05-31,,
2022-03-01_2022-05-31,z500,NeuralGCM,7 days,,,,,0,168.0,MAM_2022,season,MAM,2022-03-01,2022-05-31,,
2018-09-01_2018-11-30,mslp,HRES,7 days,514.1363008024707,0.732323170093425,305.6187486569487,1.0789501579360583,168,168.0,SON_2018,season,SON,2018-09-01,2018-11-30,1.0,1.0
2018-09-01_2018-11-30,mslp,GraphCast,7 days,,,,,0,168.0,SON_2018,season,SON,2018-09-01,2018-11-30,,
2018-09-01_2018-11-30,t850,HRES,7 days,2.6166706389478303,0.7825734914332217,1.7068558639578284,-0.0390437349428069,168,168.0,SON_2018,season,SON,2018-09-01,2018-11-30,1.0,1.0
2018-09-01_2018-11-30,t850,GraphCast,7 days,,,,,0,168.0,SON_2018,season,SON,2018-09-01,2018-11-30,,
2018-09-01_2018-11-30,t850,NeuralGCM,7 days,,,,,0,168.0,SON_2018,season,SON,2018-09-01,2018-11-30,,
2018-09-01_2018-11-30,u850,HRES,7 days,5.119810683826887,0.588112142589095,3.5181011924924896,-0.0626913427093074,168,168.0,SON_2018,season,SON,2018-09-01,2018-11-30,1.0,1.0
2018-09-01_2018-11-30,u850,GraphCast,7 days,,,,,0,168.0,SON_2018,season,SON,2018-09-01,2018-11-30,,
2018-09-01_2018-11-30,u850,NeuralGCM,7 days,,,,,0,168.0,SON_2018,season,SON,2018-09-01,2018-11-30,,
2018-09-01_2018-11-30,v850,HRES,7 days,5.154681986042042,0.5386169871270747,3.450453102270332,-0.0015057623276756,168,168.0,SON_2018,season,SON,2018-09-01,2018-11-30,1.0,1.0
2018-09-01_2018-11-30,v850,GraphCast,7 days,,,,,0,168.0,SON_2018,season,SON,2018-09-01,2018-11-30,,
2018-09-01_2018-11-30,v850,NeuralGCM,7 days,,,,,0,168.0,SON_2018,season,SON,2018-09-01,2018-11-30,,
2018-09-01_2018-11-30,z500,HRES,7 days,517.376276652729,0.8187939239611767,307.32418546964453,-6.4500383812832585,168,168.0,SON_2018,season,SON,2018-09-01,2018-11-30,1.0,1.0
2018-09-01_2018-11-30,z500,GraphCast,7 days,,,,,0,168.0,SON_2018,season,SON,2018-09-01,2018-11-30,,
2018-09-01_2018-11-30,z500,NeuralGCM,7 days,,,,,0,168.0,SON_2018,season,SON,2018-09-01,2018-11-30,,
2019-09-01_2019-11-30,mslp,GraphCast,7 days,444.20282376700607,0.6681368964616198,265.424492897234,-0.8149797415981617,16,168.0,SON_2019,season,SON,2019-09-01,2019-11-30,1.0,2.0
2019-09-01_2019-11-30,mslp,HRES,7 days,490.9697751204338,0.7579847145177647,294.9104078265283,1.0901358814142954,168,168.0,SON_2019,season,SON,2019-09-01,2019-11-30,2.0,1.0
2019-09-01_2019-11-30,t850,GraphCast,7 days,2.1526434106225825,0.6711310627063206,1.402834911180211,-0.1390695163750138,16,168.0,SON_2019,season,SON,2019-09-01,2019-11-30,1.0,2.0
2019-09-01_2019-11-30,t850,HRES,7 days,2.553814361129046,0.797848692535562,1.6764990862615765,-0.0677614209512445,168,168.0,SON_2019,season,SON,2019-09-01,2019-11-30,2.0,1.0
2019-09-01_2019-11-30,t850,NeuralGCM,7 days,,,,,0,168.0,SON_2019,season,SON,2019-09-01,2019-11-30,,
2019-09-01_2019-11-30,u850,GraphCast,7 days,4.332728421932906,0.5240213443011624,2.914567532941009,0.0363729296270764,16,168.0,SON_2019,season,SON,2019-09-01,2019-11-30,1.0,2.0
2019-09-01_2019-11-30,u850,HRES,7 days,4.9419242512210175,0.6024159755676993,3.4164506449070355,-0.0549804023440058,168,168.0,SON_2019,season,SON,2019-09-01,2019-11-30,2.0,1.0
2019-09-01_2019-11-30,u850,NeuralGCM,7 days,,,,,0,168.0,SON_2019,season,SON,2019-09-01,2019-11-30,,
2019-09-01_2019-11-30,v850,GraphCast,7 days,4.373102089319826,0.5647656504239871,2.8324471409972247,0.0060501407721708,16,168.0,SON_2019,season,SON,2019-09-01,2019-11-30,1.0,2.0
2019-09-01_2019-11-30,v850,HRES,7 days,5.063528268008303,0.5684819065138582,3.3941440707276223,-0.019449307462368,168,168.0,SON_2019,season,SON,2019-09-01,2019-11-30,2.0,1.0
2019-09-01_2019-11-30,v850,NeuralGCM,7 days,,,,,0,168.0,SON_2019,season,SON,2019-09-01,2019-11-30,,
2019-09-01_2019-11-30,z500,GraphCast,7 days,457.0284026788767,0.6811643995841742,266.6127605206701,-13.797367519550363,16,168.0,SON_2019,season,SON,2019-09-01,2019-11-30,1.0,2.0
2019-09-01_2019-11-30,z500,HRES,7 days,502.9625426609954,0.8333773099398203,299.5396360271438,-12.227693696101367,168,168.0,SON_2019,season,SON,2019-09-01,2019-11-30,2.0,1.0
2019-09-01_2019-11-30,z500,NeuralGCM,7 days,,,,,0,168.0,SON_2019,season,SON,2019-09-01,2019-11-30,,
2020-09-01_2020-11-30,mslp,GraphCast,7 days,437.1984952441855,0.8008674017618306,260.28041095370986,-24.201269502280816,168,168.0,SON_2020,season,SON,2020-09-01,2020-11-30,1.0,1.0
2020-09-01_2020-11-30,mslp,HRES,7 days,499.1482366263685,0.7542402517660316,295.88521125050346,3.174385925996157,168,168.0,SON_2020,season,SON,2020-09-01,2020-11-30,2.0,2.0
2020-09-01_2020-11-30,t850,GraphCast,7 days,2.243008583195801,0.8370566352942566,1.4516461575093953,-0.1589712088993107,168,168.0,SON_2020,season,SON,2020-09-01,2020-11-30,1.0,1.0
2020-09-01_2020-11-30,t850,NeuralGCM,7 days,2.3202392509961856,0.8275855358266367,1.4995282027541106,0.0635878671847501,168,168.0,SON_2020,season,SON,2020-09-01,2020-11-30,2.0,2.0
2020-09-01_2020-11-30,t850,HRES,7 days,2.566816630282769,0.7947897565011227,1.682807940898466,-0.0111657247336048,168,168.0,SON_2020,season,SON,2020-09-01,2020-11-30,3.0,3.0
2020-09-01_2020-11-30,u850,GraphCast,7 days,4.21593558545446,0.6821243013729044,2.879251900728351,0.071340520952057,168,168.0,SON_2020,season,SON,2020-09-01,2020-11-30,1.0,1.0
2020-09-01_2020-11-30,u850,NeuralGCM,7 days,4.4796926568357645,0.6618940703177119,3.0296164911340044,0.0897113818339671,168,168.0,SON_2020,season,SON,2020-09-01,2020-11-30,2.0,2.0
2020-09-01_2020-11-30,u850,HRES,7 days,4.916459537825706,0.6040130335679947,3.3860960032635563,-0.0322071280530755,168,168.0,SON_2020,season,SON,2020-09-01,2020-11-30,3.0,3.0
2020-09-01_2020-11-30,v850,GraphCast,7 days,4.354670421433293,0.6345374456922155,2.872840842525724,-0.0012012838987342,168,168.0,SON_2020,season,SON,2020-09-01,2020-11-30,1.0,1.0
2020-09-01_2020-11-30,v850,NeuralGCM,7 days,4.6132845069253205,0.6196712203492127,3.028615529823187,0.0417771092322081,168,168.0,SON_2020,season,SON,2020-09-01,2020-11-30,2.0,2.0
2020-09-01_2020-11-30,v850,HRES,7 days,5.037489679595248,0.5584026415544896,3.369835426708,-0.0087288167570823,168,168.0,SON_2020,season,SON,2020-09-01,2020-11-30,3.0,3.0
2020-09-01_2020-11-30,z500,GraphCast,7 days,447.5347657363641,0.8599313263227957,264.48227096844323,-40.48912030058117,168,168.0,SON_2020,season,SON,2020-09-01,2020-11-30,1.0,1.0
2020-09-01_2020-11-30,z500,NeuralGCM,7 days,457.0545737339983,0.8578815667221039,264.8290195146232,0.7183946961363921,168,168.0,SON_2020,season,SON,2020-09-01,2020-11-30,2.0,2.0
2020-09-01_2020-11-30,z500,HRES,7 days,508.3552647632535,0.8251145713780355,299.7256298244728,-3.266631626891466,168,168.0,SON_2020,season,SON,2020-09-01,2020-11-30,3.0,3.0
2021-09-01_2021-11-30,mslp,HRES,7 days,499.55482801846495,0.7371727313481011,297.31748628441136,2.6294900533434107,168,168.0,SON_2021,season,SON,2021-09-01,2021-11-30,1.0,1.0
2021-09-01_2021-11-30,mslp,GraphCast,7 days,,,,,0,168.0,SON_2021,season,SON,2021-09-01,2021-11-30,,
2021-09-01_2021-11-30,t850,HRES,7 days,2.589429601151787,0.7796238280900196,1.703519412664821,-0.0338086697618679,168,168.0,SON_2021,season,SON,2021-09-01,2021-11-30,1.0,1.0
2021-09-01_2021-11-30,t850,GraphCast,7 days,,,,,0,168.0,SON_2021,season,SON,2021-09-01,2021-11-30,,
2021-09-01_2021-11-30,t850,NeuralGCM,7 days,,,,,0,168.0,SON_2021,season,SON,2021-09-01,2021-11-30,,
2021-09-01_2021-11-30,u850,HRES,7 days,4.921027538238751,0.5948652355653227,3.377855287169228,-0.0367077362814166,168,168.0,SON_2021,season,SON,2021-09-01,2021-11-30,1.0,1.0
2021-09-01_2021-11-30,u850,GraphCast,7 days,,,,,0,168.0,SON_2021,season,SON,2021-09-01,2021-11-30,,
2021-09-01_2021-11-30,u850,NeuralGCM,7 days,,,,,0,168.0,SON_2021,season,SON,2021-09-01,2021-11-30,,
2021-09-01_2021-11-30,v850,HRES,7 days,5.034159025208472,0.5546079738596964,3.35912733522617,-0.0087655245718395,168,168.0,SON_2021,season,SON,2021-09-01,2021-11-30,1.0,1.0
2021-09-01_2021-11-30,v850,GraphCast,7 days,,,,,0,168.0,SON_2021,season,SON,2021-09-01,2021-11-30,,
2021-09-01_2021-11-30,v850,NeuralGCM,7 days,,,,,0,168.0,SON_2021,season,SON,2021-09-01,2021-11-30,,
2021-09-01_2021-11-30,z500,HRES,7 days,504.6740518892572,0.8227571262427864,296.8006922406078,13.253706967461252,168,168.0,SON_2021,season,SON,2021-09-01,2021-11-30,1.0,1.0
2021-09-01_2021-11-30,z500,GraphCast,7 days,,,,,0,168.0,SON_2021,season,SON,2021-09-01,2021-11-30,,
2021-09-01_2021-11-30,z500,NeuralGCM,7 days,,,,,0,168.0,SON_2021,season,SON,2021-09-01,2021-11-30,,
2022-09-01_2022-11-30,mslp,HRES,7 days,515.6035378928372,0.7171030960676339,306.39596802597936,4.181843889208451,168,168.0,SON_2022,season,SON,2022-09-01,2022-11-30,1.0,1.0
2022-09-01_2022-11-30,mslp,GraphCast,7 days,,,,,0,168.0,SON_2022,season,SON,2022-09-01,2022-11-30,,
2022-09-01_2022-11-30,t850,HRES,7 days,2.6285769052129444,0.7730175027091484,1.7284890899027725,-0.0072655516551595,168,168.0,SON_2022,season,SON,2022-09-01,2022-11-30,1.0,1.0
2022-09-01_2022-11-30,t850,GraphCast,7 days,,,,,0,168.0,SON_2022,season,SON,2022-09-01,2022-11-30,,
2022-09-01_2022-11-30,t850,NeuralGCM,7 days,,,,,0,168.0,SON_2022,season,SON,2022-09-01,2022-11-30,,
2022-09-01_2022-11-30,u850,HRES,7 days,4.962809468595785,0.579963606944502,3.406455893298584,-0.110334895370688,168,168.0,SON_2022,season,SON,2022-09-01,2022-11-30,1.0,1.0
2022-09-01_2022-11-30,u850,GraphCast,7 days,,,,,0,168.0,SON_2022,season,SON,2022-09-01,2022-11-30,,
2022-09-01_2022-11-30,u850,NeuralGCM,7 days,,,,,0,168.0,SON_2022,season,SON,2022-09-01,2022-11-30,,
2022-09-01_2022-11-30,v850,HRES,7 days,5.087661147139657,0.5405401362074054,3.380793038994981,0.0011513902871349,168,168.0,SON_2022,season,SON,2022-09-01,2022-11-30,1.0,1.0
2022-09-01_2022-11-30,v850,GraphCast,7 days,,,,,0,168.0,SON_2022,season,SON,2022-09-01,2022-11-30,,
2022-09-01_2022-11-30,v850,NeuralGCM,7 days,,,,,0,168.0,SON_2022,season,SON,2022-09-01,2022-11-30,,
2022-09-01_2022-11-30,z500,HRES,7 days,525.6521152730018,0.8011219625224041,305.2522904342666,30.551999475549163,168,168.0,SON_2022,season,SON,2022-09-01,2022-11-30,1.0,1.0
2022-09-01_2022-11-30,z500,GraphCast,7 days,,,,,0,168.0,SON_2022,season,SON,2022-09-01,2022-11-30,,
2022-09-01_2022-11-30,z500,NeuralGCM,7 days,,,,,0,168.0,SON_2022,season,SON,2022-09-01,2022-11-30,,
