bucket,season,variable,pair,metric,lead_h,n_windows,share_favorable,delta_mean,delta_ci_lo,delta_ci_hi
season,DJF,mslp,GraphCast_minus_HRES,acc_mean,24.0,4,0.5,0.00166788527031414,0.0014692871762118642,0.0018664833644164158
season,DJF,mslp,GraphCast_minus_HRES,acc_mean,72.0,4,0.5,0.00560528412984751,0.0049096383733695514,0.006300929886325468
season,DJF,mslp,GraphCast_minus_HRES,acc_mean,120.0,4,0.5,0.021249657264971966,0.02083226508077196,0.02166704944917197
season,DJF,mslp,GraphCast_minus_HRES,acc_mean,168.0,4,0.5,0.04578800377482867,0.04482987102000613,0.046746136529651205
season,DJF,mslp,GraphCast_minus_HRES,rmse_mean,24.0,4,0.5,-15.383499925137937,-16.202524089858912,-14.564475760416961
season,DJF,mslp,GraphCast_minus_HRES,rmse_mean,72.0,4,0.5,-21.652797213783664,-21.672259912700156,-21.633334514867173
season,DJF,mslp,GraphCast_minus_HRES,rmse_mean,120.0,4,0.5,-42.54379272928385,-46.686591971367505,-38.400993487200196
season,DJF,mslp,GraphCast_minus_HRES,rmse_mean,168.0,4,0.5,-60.707930203877254,-66.30394087777103,-55.11191952998348
season,DJF,mslp,NeuralGCM_minus_HRES,acc_mean,24.0,4,0.0,,,
season,DJF,mslp,NeuralGCM_minus_HRES,acc_mean,72.0,4,0.0,,,
season,DJF,mslp,NeuralGCM_minus_HRES,acc_mean,120.0,4,0.0,,,
season,DJF,mslp,NeuralGCM_minus_HRES,acc_mean,168.0,4,0.0,,,
season,DJF,mslp,NeuralGCM_minus_HRES,rmse_mean,24.0,4,0.0,,,
season,DJF,mslp,NeuralGCM_minus_HRES,rmse_mean,72.0,4,0.0,,,
season,DJF,mslp,NeuralGCM_minus_HRES,rmse_mean,120.0,4,0.0,,,
season,DJF,mslp,NeuralGCM_minus_HRES,rmse_mean,168.0,4,0.0,,,
season,DJF,t850,GraphCast_minus_HRES,acc_mean,24.0,4,0.5,0.009764518865141791,0.007997125814204642,0.01153191191607894
season,DJF,t850,GraphCast_minus_HRES,acc_mean,72.0,4,0.5,0.01617719283957164,0.013399843019974877,0.018954542659168405
season,DJF,t850,GraphCast_minus_HRES,acc_mean,120.0,4,0.5,0.031004052427904827,0.027654746782538542,0.03435335807327111
season,DJF,t850,GraphCast_minus_HRES,acc_mean,168.0,4,0.5,0.04795704101317605,0.0432818457802393,0.052632236246112796
season,DJF,t850,GraphCast_minus_HRES,rmse_mean,24.0,4,0.5,-0.21132015508342794,-0.22271785269154876,-0.19992245747530712
season,DJF,t850,GraphCast_minus_HRES,rmse_mean,72.0,4,0.5,-0.2299487139656226,-0.23288411407566978,-0.22701331385557544
season,DJF,t850,GraphCast_minus_HRES,rmse_mean,120.0,4,0.5,-0.30437870093003283,-0.3347891166057946,-0.2739682852542711
season,DJF,t850,GraphCast_minus_HRES,rmse_mean,168.0,4,0.5,-0.3655481209723277,-0.42285221208484325,-0.30824402985981214
season,DJF,t850,NeuralGCM_minus_HRES,acc_mean,24.0,4,0.5,0.007396624612176217,0.005127967044271875,0.009665282180080559
season,DJF,t850,NeuralGCM_minus_HRES,acc_mean,72.0,4,0.5,0.010805258793082861,0.006618093379817669,0.014992424206348054
season,DJF,t850,NeuralGCM_minus_HRES,acc_mean,120.0,4,0.5,0.01830680302899418,0.010367416745351354,0.026246189312637003
season,DJF,t850,NeuralGCM_minus_HRES,acc_mean,168.0,4,0.5,0.026183117845431814,0.00952290466070782,0.04284333103015581
season,DJF,t850,NeuralGCM_minus_HRES,rmse_mean,24.0,4,0.5,-0.18220007599663318,-0.19172900247986424,-0.17267114951340212
season,DJF,t850,NeuralGCM_minus_HRES,rmse_mean,72.0,4,0.5,-0.20872474278283332,-0.21964689459576614,-0.1978025909699005
season,DJF,t850,NeuralGCM_minus_HRES,rmse_mean,120.0,4,0.5,-0.2872953961123469,-0.3352263524389938,-0.2393644397857
season,DJF,t850,NeuralGCM_minus_HRES,rmse_mean,168.0,4,0.5,-0.3681738146317248,-0.46012558049043895,-0.2762220487730107
season,DJF,u850,GraphCast_minus_HRES,acc_mean,24.0,4,0.5,0.01088968606961871,0.010341363020725414,0.011438009118512005
season,DJF,u850,GraphCast_minus_HRES,acc_mean,72.0,4,0.5,0.02726003332651361,0.026038940002918842,0.02848112665010838
season,DJF,u850,GraphCast_minus_HRES,acc_mean,120.0,4,0.5,0.0575172071674368,0.057468519143394126,0.05756589519147948
season,DJF,u850,GraphCast_minus_HRES,acc_mean,168.0,4,0.5,0.07904679480727933,0.07380276148697873,0.08429082812757993
season,DJF,u850,GraphCast_minus_HRES,rmse_mean,24.0,4,0.5,-0.29792978337867565,-0.3074690871505448,-0.2883904796068065
season,DJF,u850,GraphCast_minus_HRES,rmse_mean,72.0,4,0.5,-0.41666567950599875,-0.422260661206725,-0.4110706978052725
season,DJF,u850,GraphCast_minus_HRES,rmse_mean,120.0,4,0.5,-0.606284371874056,-0.6280151188077765,-0.5845536249403356
season,DJF,u850,GraphCast_minus_HRES,rmse_mean,168.0,4,0.5,-0.6933060000551379,-0.6987993010072744,-0.6878126991030014
season,DJF,u850,NeuralGCM_minus_HRES,acc_mean,24.0,4,0.5,0.007976078069378334,0.007087750846549001,0.008864405292207667
season,DJF,u850,NeuralGCM_minus_HRES,acc_mean,72.0,4,0.5,0.020401855106437106,0.017861528554496076,0.022942181658378136
season,DJF,u850,NeuralGCM_minus_HRES,acc_mean,120.0,4,0.5,0.04526458374416553,0.04358497167860642,0.04694419580972464
season,DJF,u850,NeuralGCM_minus_HRES,acc_mean,168.0,4,0.5,0.05946235498588398,0.05522446438100492,0.06370024559076304
season,DJF,u850,NeuralGCM_minus_HRES,rmse_mean,24.0,4,0.5,-0.24835676931872286,-0.25407922230109503,-0.24263431633635069
season,DJF,u850,NeuralGCM_minus_HRES,rmse_mean,72.0,4,0.5,-0.3745952845724565,-0.37822097027578416,-0.37096959886912884
season,DJF,u850,NeuralGCM_minus_HRES,rmse_mean,120.0,4,0.5,-0.5492700284573937,-0.6001866852887185,-0.49835337162606885
season,DJF,u850,NeuralGCM_minus_HRES,rmse_mean,168.0,4,0.5,-0.5938996229157496,-0.6562044373041935,-0.5315948085273057
season,DJF,v850,GraphCast_minus_HRES,acc_mean,24.0,4,0.5,0.011706186649735384,0.0110885531966336,0.012323820102837169
season,DJF,v850,GraphCast_minus_HRES,acc_mean,72.0,4,0.5,0.02888686685641223,0.027875863159378844,0.029897870553445616
season,DJF,v850,GraphCast_minus_HRES,acc_mean,120.0,4,0.5,0.05905530909483264,0.054975877588841926,0.06313474060082336
season,DJF,v850,GraphCast_minus_HRES,acc_mean,168.0,4,0.5,0.07896074860170255,0.07822451733994285,0.07969697986346225
season,DJF,v850,GraphCast_minus_HRES,rmse_mean,24.0,4,0.5,-0.2959039502809756,-0.3036696467486819,-0.2881382538132693
season,DJF,v850,GraphCast_minus_HRES,rmse_mean,72.0,4,0.5,-0.4096100767152083,-0.40991795633286277,-0.4093021970975539
season,DJF,v850,GraphCast_minus_HRES,rmse_mean,120.0,4,0.5,-0.5860916140037287,-0.6311957151949268,-0.5409875128125305
season,DJF,v850,GraphCast_minus_HRES,rmse_mean,168.0,4,0.5,-0.681872282786685,-0.7063922670095035,-0.6573522985638665
season,DJF,v850,NeuralGCM_minus_HRES,acc_mean,24.0,4,0.5,0.009573499481182635,0.00924166674431115,0.00990533221805412
season,DJF,v850,NeuralGCM_minus_HRES,acc_mean,72.0,4,0.5,0.024134198358682413,0.022983225507243965,0.02528517121012086
season,DJF,v850,NeuralGCM_minus_HRES,acc_mean,120.0,4,0.5,0.052447866782709684,0.04752563958171607,0.057370093983703296
season,DJF,v850,NeuralGCM_minus_HRES,acc_mean,168.0,4,0.5,0.06717111320374702,0.06534451317388223,0.06899771323361181
season,DJF,v850,NeuralGCM_minus_HRES,rmse_mean,24.0,4,0.5,-0.24667811217820357,-0.24819778226032674,-0.2451584420960804
season,DJF,v850,NeuralGCM_minus_HRES,rmse_mean,72.0,4,0.5,-0.3612113887082403,-0.36853021079387216,-0.3538925666226085
season,DJF,v850,NeuralGCM_minus_HRES,rmse_mean,120.0,4,0.5,-0.5237959977017035,-0.6130235177872767,-0.43456847761613027
season,DJF,v850,NeuralGCM_minus_HRES,rmse_mean,168.0,4,0.5,-0.57103612136682,-0.6695198156610456,-0.4725524270725945
season,DJF,z500,GraphCast_minus_HRES,acc_mean,24.0,4,0.5,0.000588361931256387,0.00043261363430358024,0.0007441102282091938
season,DJF,z500,GraphCast_minus_HRES,acc_mean,72.0,4,0.5,0.003171435063664574,0.002484091428023194,0.0038587786993059536
season,DJF,z500,GraphCast_minus_HRES,acc_mean,120.0,4,0.5,0.015298868061734805,0.01440300267239325,0.01619473345107636
season,DJF,z500,GraphCast_minus_HRES,acc_mean,168.0,4,0.5,0.03558018542407004,0.03556896480528571,0.03559140604285438
season,DJF,z500,GraphCast_minus_HRES,rmse_mean,24.0,4,0.5,-9.33397061365742,-10.539017728541808,-8.128923498773034
season,DJF,z500,GraphCast_minus_HRES,rmse_mean,72.0,4,0.5,-17.873943967120603,-18.496110646109642,-17.251777288131564
season,DJF,z500,GraphCast_minus_HRES,rmse_mean,120.0,4,0.5,-40.9469612051698,-44.524555279944195,-37.3693671303954
season,DJF,z500,GraphCast_minus_HRES,rmse_mean,168.0,4,0.5,-61.082495191404206,-70.02840246968589,-52.136587913122526
season,DJF,z500,NeuralGCM_minus_HRES,acc_mean,24.0,4,0.5,0.0005909396969847047,0.0004751639633767679,0.0007067154305926415
season,DJF,z500,NeuralGCM_minus_HRES,acc_mean,72.0,4,0.5,0.0036716718491736633,0.003097369482761181,0.004245974215586146
season,DJF,z500,NeuralGCM_minus_HRES,acc_mean,120.0,4,0.5,0.015229601629067002,0.015083482119687242,0.015375721138446763
season,DJF,z500,NeuralGCM_minus_HRES,acc_mean,168.0,4,0.5,0.030931932897656778,0.030691100992587872,0.031172764802725683
season,DJF,z500,NeuralGCM_minus_HRES,rmse_mean,24.0,4,0.5,-10.99066448798736,-11.418023082221183,-10.563305893753537
season,DJF,z500,NeuralGCM_minus_HRES,rmse_mean,72.0,4,0.5,-25.92227102823987,-27.36075943091498,-24.483782625564757
season,DJF,z500,NeuralGCM_minus_HRES,rmse_mean,120.0,4,0.5,-51.39355578583273,-61.647673885750265,-41.1394376859152
season,DJF,z500,NeuralGCM_minus_HRES,rmse_mean,168.0,4,0.5,-72.2930577632097,-93.66948218782682,-50.91663333859259
season,JJA,mslp,GraphCast_minus_HRES,acc_mean,24.0,5,0.2,0.0016839375606332307,0.0016839375606332307,0.0016839375606332307
season,JJA,mslp,GraphCast_minus_HRES,acc_mean,72.0,5,0.2,0.004931529369822774,0.004931529369822774,0.004931529369822774
season,JJA,mslp,GraphCast_minus_HRES,acc_mean,120.0,5,0.2,0.016548484938207708,0.016548484938207708,0.016548484938207708
season,JJA,mslp,GraphCast_minus_HRES,acc_mean,168.0,5,0.2,0.029461012646535,0.029461012646535,0.029461012646535
season,JJA,mslp,GraphCast_minus_HRES,rmse_mean,24.0,5,0.2,-13.083792761805483,-13.083792761805483,-13.083792761805483
season,JJA,mslp,GraphCast_minus_HRES,rmse_mean,72.0,5,0.2,-15.026652334118864,-15.026652334118864,-15.026652334118864
season,JJA,mslp,GraphCast_minus_HRES,rmse_mean,120.0,5,0.2,-28.643700953762448,-28.643700953762448,-28.643700953762448
season,JJA,mslp,GraphCast_minus_HRES,rmse_mean,168.0,5,0.2,-39.51196504473114,-39.51196504473114,-39.51196504473114
season,JJA,mslp,NeuralGCM_minus_HRES,acc_mean,24.0,5,0.0,,,
season,JJA,mslp,NeuralGCM_minus_HRES,acc_mean,72.0,5,0.0,,,
season,JJA,mslp,NeuralGCM_minus_HRES,acc_mean,120.0,5,0.0,,,
season,JJA,mslp,NeuralGCM_minus_HRES,acc_mean,168.0,5,0.0,,,
season,JJA,mslp,NeuralGCM_minus_HRES,rmse_mean,24.0,5,0.0,,,
season,JJA,mslp,NeuralGCM_minus_HRES,rmse_mean,72.0,5,0.0,,,
season,JJA,mslp,NeuralGCM_minus_HRES,rmse_mean,120.0,5,0.0,,,
season,JJA,mslp,NeuralGCM_minus_HRES,rmse_mean,168.0,5,0.0,,,
season,JJA,t850,GraphCast_minus_HRES,acc_mean,24.0,5,0.2,0.013428470011263238,0.013428470011263238,0.013428470011263238
season,JJA,t850,GraphCast_minus_HRES,acc_mean,72.0,5,0.2,0.025994447889153616,0.025994447889153616,0.025994447889153616
season,JJA,t850,GraphCast_minus_HRES,acc_mean,120.0,5,0.2,0.04477451803020349,0.04477451803020349,0.04477451803020349
season,JJA,t850,GraphCast_minus_HRES,acc_mean,168.0,5,0.2,0.062477835960092376,0.062477835960092376,0.062477835960092376
season,JJA,t850,GraphCast_minus_HRES,rmse_mean,24.0,5,0.2,-0.21944667286970332,-0.21944667286970332,-0.21944667286970332
season,JJA,t850,GraphCast_minus_HRES,rmse_mean,72.0,5,0.2,-0.25015731215407955,-0.25015731215407955,-0.25015731215407955
season,JJA,t850,GraphCast_minus_HRES,rmse_mean,120.0,5,0.2,-0.29301842185657967,-0.29301842185657967,-0.29301842185657967
season,JJA,t850,GraphCast_minus_HRES,rmse_mean,168.0,5,0.2,-0.316200033128085,-0.316200033128085,-0.316200033128085
season,JJA,t850,NeuralGCM_minus_HRES,acc_mean,24.0,5,0.2,0.011815111264639189,0.011815111264639189,0.011815111264639189
season,JJA,t850,NeuralGCM_minus_HRES,acc_mean,72.0,5,0.2,0.023125042820295927,0.023125042820295927,0.023125042820295927
season,JJA,t850,NeuralGCM_minus_HRES,acc_mean,120.0,5,0.2,0.04027844008765025,0.04027844008765025,0.04027844008765025
season,JJA,t850,NeuralGCM_minus_HRES,acc_mean,168.0,5,0.2,0.055091637887683564,0.055091637887683564,0.055091637887683564
season,JJA,t850,NeuralGCM_minus_HRES,rmse_mean,24.0,5,0.2,-0.18846687502469428,-0.18846687502469428,-0.18846687502469428
season,JJA,t850,NeuralGCM_minus_HRES,rmse_mean,72.0,5,0.2,-0.22115983961877528,-0.22115983961877528,-0.22115983961877528
season,JJA,t850,NeuralGCM_minus_HRES,rmse_mean,120.0,5,0.2,-0.26296492961212814,-0.26296492961212814,-0.26296492961212814
season,JJA,t850,NeuralGCM_minus_HRES,rmse_mean,168.0,5,0.2,-0.27574995022011084,-0.27574995022011084,-0.27574995022011084
season,JJA,u850,GraphCast_minus_HRES,acc_mean,24.0,5,0.2,0.012202673957740773,0.012202673957740773,0.012202673957740773
season,JJA,u850,GraphCast_minus_HRES,acc_mean,72.0,5,0.2,0.02883075960924386,0.02883075960924386,0.02883075960924386
season,JJA,u850,GraphCast_minus_HRES,acc_mean,120.0,5,0.2,0.05365965674240614,0.05365965674240614,0.05365965674240614
season,JJA,u850,GraphCast_minus_HRES,acc_mean,168.0,5,0.2,0.06425615204163493,0.06425615204163493,0.06425615204163493
season,JJA,u850,GraphCast_minus_HRES,rmse_mean,24.0,5,0.2,-0.3135305345214334,-0.3135305345214334,-0.3135305345214334
season,JJA,u850,GraphCast_minus_HRES,rmse_mean,72.0,5,0.2,-0.40750469780452736,-0.40750469780452736,-0.40750469780452736
season,JJA,u850,GraphCast_minus_HRES,rmse_mean,120.0,5,0.2,-0.5463007361318666,-0.5463007361318666,-0.5463007361318666
season,JJA,u850,GraphCast_minus_HRES,rmse_mean,168.0,5,0.2,-0.5943098316655684,-0.5943098316655684,-0.5943098316655684
season,JJA,u850,NeuralGCM_minus_HRES,acc_mean,24.0,5,0.2,0.01039169685841157,0.01039169685841157,0.01039169685841157
season,JJA,u850,NeuralGCM_minus_HRES,acc_mean,72.0,5,0.2,0.026861641977962813,0.026861641977962813,0.026861641977962813
season,JJA,u850,NeuralGCM_minus_HRES,acc_mean,120.0,5,0.2,0.049475005199650646,0.049475005199650646,0.049475005199650646
season,JJA,u850,NeuralGCM_minus_HRES,acc_mean,168.0,5,0.2,0.053427481946055955,0.053427481946055955,0.053427481946055955
season,JJA,u850,NeuralGCM_minus_HRES,rmse_mean,24.0,5,0.2,-0.2622189807094022,-0.2622189807094022,-0.2622189807094022
season,JJA,u850,NeuralGCM_minus_HRES,rmse_mean,72.0,5,0.2,-0.3745071642078983,-0.3745071642078983,-0.3745071642078983
season,JJA,u850,NeuralGCM_minus_HRES,rmse_mean,120.0,5,0.2,-0.4668970373688368,-0.4668970373688368,-0.4668970373688368
season,JJA,u850,NeuralGCM_minus_HRES,rmse_mean,168.0,5,0.2,-0.42023674475346784,-0.42023674475346784,-0.42023674475346784
season,JJA,v850,GraphCast_minus_HRES,acc_mean,24.0,5,0.2,0.01276050497909198,0.01276050497909198,0.01276050497909198
season,JJA,v850,GraphCast_minus_HRES,acc_mean,72.0,5,0.2,0.028872947062085874,0.028872947062085874,0.028872947062085874
season,JJA,v850,GraphCast_minus_HRES,acc_mean,120.0,5,0.2,0.05634562251629516,0.05634562251629516,0.05634562251629516
season,JJA,v850,GraphCast_minus_HRES,acc_mean,168.0,5,0.2,0.06972589568478926,0.06972589568478926,0.06972589568478926
season,JJA,v850,GraphCast_minus_HRES,rmse_mean,24.0,5,0.2,-0.30802933174296365,-0.30802933174296365,-0.30802933174296365
season,JJA,v850,GraphCast_minus_HRES,rmse_mean,72.0,5,0.2,-0.3909735606217257,-0.3909735606217257,-0.3909735606217257
season,JJA,v850,GraphCast_minus_HRES,rmse_mean,120.0,5,0.2,-0.5526013755190782,-0.5526013755190782,-0.5526013755190782
season,JJA,v850,GraphCast_minus_HRES,rmse_mean,168.0,5,0.2,-0.6263843366913928,-0.6263843366913928,-0.6263843366913928
season,JJA,v850,NeuralGCM_minus_HRES,acc_mean,24.0,5,0.2,0.010862563831422256,0.010862563831422256,0.010862563831422256
season,JJA,v850,NeuralGCM_minus_HRES,acc_mean,72.0,5,0.2,0.027210504254831513,0.027210504254831513,0.027210504254831513
season,JJA,v850,NeuralGCM_minus_HRES,acc_mean,120.0,5,0.2,0.05017636540886661,0.05017636540886661,0.05017636540886661
season,JJA,v850,NeuralGCM_minus_HRES,acc_mean,168.0,5,0.2,0.06279434166810416,0.06279434166810416,0.06279434166810416
season,JJA,v850,NeuralGCM_minus_HRES,rmse_mean,24.0,5,0.2,-0.2578575207415683,-0.2578575207415683,-0.2578575207415683
season,JJA,v850,NeuralGCM_minus_HRES,rmse_mean,72.0,5,0.2,-0.3593944991831859,-0.3593944991831859,-0.3593944991831859
season,JJA,v850,NeuralGCM_minus_HRES,rmse_mean,120.0,5,0.2,-0.44784647275529776,-0.44784647275529776,-0.44784647275529776
season,JJA,v850,NeuralGCM_minus_HRES,rmse_mean,168.0,5,0.2,-0.4518966800135882,-0.4518966800135882,-0.4518966800135882
season,JJA,z500,GraphCast_minus_HRES,acc_mean,24.0,5,0.2,0.0004502254580179832,0.0004502254580179832,0.0004502254580179832
season,JJA,z500,GraphCast_minus_HRES,acc_mean,72.0,5,0.2,0.002187664384474153,0.002187664384474153,0.002187664384474153
season,JJA,z500,GraphCast_minus_HRES,acc_mean,120.0,5,0.2,0.011473377801058393,0.011473377801058393,0.011473377801058393
season,JJA,z500,GraphCast_minus_HRES,acc_mean,168.0,5,0.2,0.033682332477008026,0.033682332477008026,0.033682332477008026
season,JJA,z500,GraphCast_minus_HRES,rmse_mean,24.0,5,0.2,-5.915301142126552,-5.915301142126552,-5.915301142126552
season,JJA,z500,GraphCast_minus_HRES,rmse_mean,72.0,5,0.2,-9.067630604295601,-9.067630604295601,-9.067630604295601
season,JJA,z500,GraphCast_minus_HRES,rmse_mean,120.0,5,0.2,-24.765377784706857,-24.765377784706857,-24.765377784706857
season,JJA,z500,GraphCast_minus_HRES,rmse_mean,168.0,5,0.2,-47.59423111402111,-47.59423111402111,-47.59423111402111
season,JJA,z500,NeuralGCM_minus_HRES,acc_mean,24.0,5,0.2,0.0005585452419172299,0.0005585452419172299,0.0005585452419172299
season,JJA,z500,NeuralGCM_minus_HRES,acc_mean,72.0,5,0.2,0.0042433052248426195,0.0042433052248426195,0.0042433052248426195
season,JJA,z500,NeuralGCM_minus_HRES,acc_mean,120.0,5,0.2,0.015871831296410566,0.015871831296410566,0.015871831296410566
season,JJA,z500,NeuralGCM_minus_HRES,acc_mean,168.0,5,0.2,0.037136809757559175,0.037136809757559175,0.037136809757559175
season,JJA,z500,NeuralGCM_minus_HRES,rmse_mean,24.0,5,0.2,-7.483961175883444,-7.483961175883444,-7.483961175883444
season,JJA,z500,NeuralGCM_minus_HRES,rmse_mean,72.0,5,0.2,-18.54132756588821,-18.54132756588821,-18.54132756588821
season,JJA,z500,NeuralGCM_minus_HRES,rmse_mean,120.0,5,0.2,-33.114138522688734,-33.114138522688734,-33.114138522688734
season,JJA,z500,NeuralGCM_minus_HRES,rmse_mean,168.0,5,0.2,-48.690977302817316,-48.690977302817316,-48.690977302817316
season,MAM,mslp,GraphCast_minus_HRES,acc_mean,24.0,5,0.2,0.0015301193255475853,0.0015301193255475853,0.0015301193255475853
season,MAM,mslp,GraphCast_minus_HRES,acc_mean,72.0,5,0.2,0.005353398651837593,0.005353398651837593,0.005353398651837593
season,MAM,mslp,GraphCast_minus_HRES,acc_mean,120.0,5,0.2,0.01813273350738487,0.01813273350738487,0.01813273350738487
season,MAM,mslp,GraphCast_minus_HRES,acc_mean,168.0,5,0.2,0.04690938891778673,0.04690938891778673,0.04690938891778673
season,MAM,mslp,GraphCast_minus_HRES,rmse_mean,24.0,5,0.2,-14.121088622461976,-14.121088622461976,-14.121088622461976
season,MAM,mslp,GraphCast_minus_HRES,rmse_mean,72.0,5,0.2,-19.196500143733374,-19.196500143733374,-19.196500143733374
season,MAM,mslp,GraphCast_minus_HRES,rmse_mean,120.0,5,0.2,-32.47636210226676,-32.47636210226676,-32.47636210226676
season,MAM,mslp,GraphCast_minus_HRES,rmse_mean,168.0,5,0.2,-56.74964445600057,-56.74964445600057,-56.74964445600057
season,MAM,mslp,NeuralGCM_minus_HRES,acc_mean,24.0,5,0.0,,,
season,MAM,mslp,NeuralGCM_minus_HRES,acc_mean,72.0,5,0.0,,,
season,MAM,mslp,NeuralGCM_minus_HRES,acc_mean,120.0,5,0.0,,,
season,MAM,mslp,NeuralGCM_minus_HRES,acc_mean,168.0,5,0.0,,,
season,MAM,mslp,NeuralGCM_minus_HRES,rmse_mean,24.0,5,0.0,,,
season,MAM,mslp,NeuralGCM_minus_HRES,rmse_mean,72.0,5,0.0,,,
season,MAM,mslp,NeuralGCM_minus_HRES,rmse_mean,120.0,5,0.0,,,
season,MAM,mslp,NeuralGCM_minus_HRES,rmse_mean,168.0,5,0.0,,,
season,MAM,t850,GraphCast_minus_HRES,acc_mean,24.0,5,0.2,0.007713239308692055,0.007713239308692055,0.007713239308692055
season,MAM,t850,GraphCast_minus_HRES,acc_mean,72.0,5,0.2,0.01393496565219221,0.01393496565219221,0.01393496565219221
season,MAM,t850,GraphCast_minus_HRES,acc_mean,120.0,5,0.2,0.026999894338509023,0.026999894338509023,0.026999894338509023
season,MAM,t850,GraphCast_minus_HRES,acc_mean,168.0,5,0.2,0.044506782853044324,0.044506782853044324,0.044506782853044324
season,MAM,t850,GraphCast_minus_HRES,rmse_mean,24.0,5,0.2,-0.20655249394548725,-0.20655249394548725,-0.20655249394548725
season,MAM,t850,GraphCast_minus_HRES,rmse_mean,72.0,5,0.2,-0.2181998855548939,-0.2181998855548939,-0.2181998855548939
season,MAM,t850,GraphCast_minus_HRES,rmse_mean,120.0,5,0.2,-0.2656746870207636,-0.2656746870207636,-0.2656746870207636
season,MAM,t850,GraphCast_minus_HRES,rmse_mean,168.0,5,0.2,-0.30357181825050183,-0.30357181825050183,-0.30357181825050183
season,MAM,t850,NeuralGCM_minus_HRES,acc_mean,24.0,5,0.2,0.006813302987248249,0.006813302987248249,0.006813302987248249
season,MAM,t850,NeuralGCM_minus_HRES,acc_mean,72.0,5,0.2,0.012650188261312367,0.012650188261312367,0.012650188261312367
season,MAM,t850,NeuralGCM_minus_HRES,acc_mean,120.0,5,0.2,0.02463259514288385,0.02463259514288385,0.02463259514288385
season,MAM,t850,NeuralGCM_minus_HRES,acc_mean,168.0,5,0.2,0.03841409300863796,0.03841409300863796,0.03841409300863796
season,MAM,t850,NeuralGCM_minus_HRES,rmse_mean,24.0,5,0.2,-0.17809685467687342,-0.17809685467687342,-0.17809685467687342
season,MAM,t850,NeuralGCM_minus_HRES,rmse_mean,72.0,5,0.2,-0.19547065592268908,-0.19547065592268908,-0.19547065592268908
season,MAM,t850,NeuralGCM_minus_HRES,rmse_mean,120.0,5,0.2,-0.23632603602768687,-0.23632603602768687,-0.23632603602768687
season,MAM,t850,NeuralGCM_minus_HRES,rmse_mean,168.0,5,0.2,-0.25525582171582384,-0.25525582171582384,-0.25525582171582384
season,MAM,u850,GraphCast_minus_HRES,acc_mean,24.0,5,0.2,0.010650998186065186,0.010650998186065186,0.010650998186065186
season,MAM,u850,GraphCast_minus_HRES,acc_mean,72.0,5,0.2,0.025784009721461998,0.025784009721461998,0.025784009721461998
season,MAM,u850,GraphCast_minus_HRES,acc_mean,120.0,5,0.2,0.050903897708033385,0.050903897708033385,0.050903897708033385
season,MAM,u850,GraphCast_minus_HRES,acc_mean,168.0,5,0.2,0.07567212491423969,0.07567212491423969,0.07567212491423969
season,MAM,u850,GraphCast_minus_HRES,rmse_mean,24.0,5,0.2,-0.30232353116528743,-0.30232353116528743,-0.30232353116528743
season,MAM,u850,GraphCast_minus_HRES,rmse_mean,72.0,5,0.2,-0.4015171277956018,-0.4015171277956018,-0.4015171277956018
season,MAM,u850,GraphCast_minus_HRES,rmse_mean,120.0,5,0.2,-0.5460515324235793,-0.5460515324235793,-0.5460515324235793
season,MAM,u850,GraphCast_minus_HRES,rmse_mean,168.0,5,0.2,-0.6738733508542714,-0.6738733508542714,-0.6738733508542714
season,MAM,u850,NeuralGCM_minus_HRES,acc_mean,24.0,5,0.2,0.009070760072519835,0.009070760072519835,0.009070760072519835
season,MAM,u850,NeuralGCM_minus_HRES,acc_mean,72.0,5,0.2,0.023610707251009222,0.023610707251009222,0.023610707251009222
season,MAM,u850,NeuralGCM_minus_HRES,acc_mean,120.0,5,0.2,0.0451066381762002,0.0451066381762002,0.0451066381762002
season,MAM,u850,NeuralGCM_minus_HRES,acc_mean,168.0,5,0.2,0.06597673883218125,0.06597673883218125,0.06597673883218125
season,MAM,u850,NeuralGCM_minus_HRES,rmse_mean,24.0,5,0.2,-0.2522760970155782,-0.2522760970155782,-0.2522760970155782
season,MAM,u850,NeuralGCM_minus_HRES,rmse_mean,72.0,5,0.2,-0.3618152744688983,-0.3618152744688983,-0.3618152744688983
season,MAM,u850,NeuralGCM_minus_HRES,rmse_mean,120.0,5,0.2,-0.4437390158453627,-0.4437390158453627,-0.4437390158453627
season,MAM,u850,NeuralGCM_minus_HRES,rmse_mean,168.0,5,0.2,-0.4906341464509669,-0.4906341464509669,-0.4906341464509669
season,MAM,v850,GraphCast_minus_HRES,acc_mean,24.0,5,0.2,0.011704160495128346,0.011704160495128346,0.011704160495128346
season,MAM,v850,GraphCast_minus_HRES,acc_mean,72.0,5,0.2,0.028390491154054565,0.028390491154054565,0.028390491154054565
season,MAM,v850,GraphCast_minus_HRES,acc_mean,120.0,5,0.2,0.05231635752840402,0.05231635752840402,0.05231635752840402
season,MAM,v850,GraphCast_minus_HRES,acc_mean,168.0,5,0.2,0.06603236616977282,0.06603236616977282,0.06603236616977282
season,MAM,v850,GraphCast_minus_HRES,rmse_mean,24.0,5,0.2,-0.3002872644977277,-0.3002872644977277,-0.3002872644977277
season,MAM,v850,GraphCast_minus_HRES,rmse_mean,72.0,5,0.2,-0.3996973417559271,-0.3996973417559271,-0.3996973417559271
season,MAM,v850,GraphCast_minus_HRES,rmse_mean,120.0,5,0.2,-0.5211364884803018,-0.5211364884803018,-0.5211364884803018
season,MAM,v850,GraphCast_minus_HRES,rmse_mean,168.0,5,0.2,-0.6170941235802836,-0.6170941235802836,-0.6170941235802836
season,MAM,v850,NeuralGCM_minus_HRES,acc_mean,24.0,5,0.2,0.009728388386191833,0.009728388386191833,0.009728388386191833
season,MAM,v850,NeuralGCM_minus_HRES,acc_mean,72.0,5,0.2,0.026133968947805397,0.026133968947805397,0.026133968947805397
season,MAM,v850,NeuralGCM_minus_HRES,acc_mean,120.0,5,0.2,0.046670710057071574,0.046670710057071574,0.046670710057071574
season,MAM,v850,NeuralGCM_minus_HRES,acc_mean,168.0,5,0.2,0.058904320162899926,0.058904320162899926,0.058904320162899926
season,MAM,v850,NeuralGCM_minus_HRES,rmse_mean,24.0,5,0.2,-0.24406178515600296,-0.24406178515600296,-0.24406178515600296
season,MAM,v850,NeuralGCM_minus_HRES,rmse_mean,72.0,5,0.2,-0.36137169073137265,-0.36137169073137265,-0.36137169073137265
season,MAM,v850,NeuralGCM_minus_HRES,rmse_mean,120.0,5,0.2,-0.41716871573433334,-0.41716871573433334,-0.41716871573433334
season,MAM,v850,NeuralGCM_minus_HRES,rmse_mean,168.0,5,0.2,-0.4306439934159476,-0.4306439934159476,-0.4306439934159476
season,MAM,z500,GraphCast_minus_HRES,acc_mean,24.0,5,0.2,0.0004144717253338204,0.0004144717253338204,0.0004144717253338204
season,MAM,z500,GraphCast_minus_HRES,acc_mean,72.0,5,0.2,0.0023312133457797923,0.0023312133457797923,0.0023312133457797923
season,MAM,z500,GraphCast_minus_HRES,acc_mean,120.0,5,0.2,0.011547288383353616,0.011547288383353616,0.011547288383353616
season,MAM,z500,GraphCast_minus_HRES,acc_mean,168.0,5,0.2,0.03266352861568034,0.03266352861568034,0.03266352861568034
season,MAM,z500,GraphCast_minus_HRES,rmse_mean,24.0,5,0.2,-7.8856999715463445,-7.8856999715463445,-7.8856999715463445
season,MAM,z500,GraphCast_minus_HRES,rmse_mean,72.0,5,0.2,-14.37875447041904,-14.37875447041904,-14.37875447041904
season,MAM,z500,GraphCast_minus_HRES,rmse_mean,120.0,5,0.2,-31.75474863200884,-31.75474863200884,-31.75474863200884
season,MAM,z500,GraphCast_minus_HRES,rmse_mean,168.0,5,0.2,-55.67160140503307,-55.67160140503307,-55.67160140503307
season,MAM,z500,NeuralGCM_minus_HRES,acc_mean,24.0,5,0.2,0.0005056770230293939,0.0005056770230293939,0.0005056770230293939
season,MAM,z500,NeuralGCM_minus_HRES,acc_mean,72.0,5,0.2,0.0036598097698767873,0.0036598097698767873,0.0036598097698767873
season,MAM,z500,NeuralGCM_minus_HRES,acc_mean,120.0,5,0.2,0.014404533707976452,0.014404533707976452,0.014404533707976452
season,MAM,z500,NeuralGCM_minus_HRES,acc_mean,168.0,5,0.2,0.036705446761926774,0.036705446761926774,0.036705446761926774
season,MAM,z500,NeuralGCM_minus_HRES,rmse_mean,24.0,5,0.2,-9.768968476222284,-9.768968476222284,-9.768968476222284
season,MAM,z500,NeuralGCM_minus_HRES,rmse_mean,72.0,5,0.2,-22.832899296333395,-22.832899296333395,-22.832899296333395
season,MAM,z500,NeuralGCM_minus_HRES,rmse_mean,120.0,5,0.2,-37.672326652523736,-37.672326652523736,-37.672326652523736
season,MAM,z500,NeuralGCM_minus_HRES,rmse_mean,168.0,5,0.2,-55.4336588220433,-55.4336588220433,-55.4336588220433
season,SON,mslp,GraphCast_minus_HRES,acc_mean,24.0,5,0.4,0.0011664016480106842,0.0009547671908282096,0.0013780361051931589
season,SON,mslp,GraphCast_minus_HRES,acc_mean,72.0,5,0.2,0.0018337723282030871,-0.0014638396139031729,0.005131384270309347
season,SON,mslp,GraphCast_minus_HRES,acc_mean,120.0,5,0.2,0.0009448925923042917,-0.01760732882476901,0.019497114009377592
season,SON,mslp,GraphCast_minus_HRES,acc_mean,168.0,5,0.2,-0.021610334030172984,-0.08984781805614495,0.04662714999579898
season,SON,mslp,GraphCast_minus_HRES,rmse_mean,24.0,5,0.4,-14.732700378219654,-16.58911969751101,-12.8762810589283
season,SON,mslp,GraphCast_minus_HRES,rmse_mean,72.0,5,0.4,-19.20053071562637,-19.927848468486587,-18.473212962766155
season,SON,mslp,GraphCast_minus_HRES,rmse_mean,120.0,5,0.4,-33.35779330606732,-36.21792634214103,-30.497660269993617
season,SON,mslp,GraphCast_minus_HRES,rmse_mean,168.0,5,0.4,-54.35834636780535,-61.94974138218299,-46.766951353427714
season,SON,mslp,NeuralGCM_minus_HRES,acc_mean,24.0,5,0.0,,,
season,SON,mslp,NeuralGCM_minus_HRES,acc_mean,72.0,5,0.0,,,
season,SON,mslp,NeuralGCM_minus_HRES,acc_mean,120.0,5,0.0,,,
season,SON,mslp,NeuralGCM_minus_HRES,acc_mean,168.0,5,0.0,,,
season,SON,mslp,NeuralGCM_minus_HRES,rmse_mean,24.0,5,0.0,,,
season,SON,mslp,NeuralGCM_minus_HRES,rmse_mean,72.0,5,0.0,,,
season,SON,mslp,NeuralGCM_minus_HRES,rmse_mean,120.0,5,0.0,,,
season,SON,mslp,NeuralGCM_minus_HRES,rmse_mean,168.0,5,0.0,,,
season,SON,t850,GraphCast_minus_HRES,acc_mean,24.0,5,0.4,0.004729716188043742,0.0017814098917935395,0.007678022484293945
season,SON,t850,GraphCast_minus_HRES,acc_mean,72.0,5,0.2,0.0021254231719836647,-0.009464404424738393,0.013715250768705722
season,SON,t850,GraphCast_minus_HRES,acc_mean,120.0,5,0.2,-0.010219135359612996,-0.04731180962659143,0.026873538907365435
season,SON,t850,GraphCast_minus_HRES,acc_mean,168.0,5,0.2,-0.042225375518053776,-0.1267176298292414,0.042266878793133844
season,SON,t850,GraphCast_minus_HRES,rmse_mean,24.0,5,0.4,-0.21433968857153415,-0.2240215388549181,-0.2046578382881502
season,SON,t850,GraphCast_minus_HRES,rmse_mean,72.0,5,0.4,-0.2301394901849525,-0.24142309717685417,-0.21885588319305083
season,SON,t850,GraphCast_minus_HRES,rmse_mean,120.0,5,0.4,-0.2899750024574631,-0.298241309198392,-0.28170869571653423
season,SON,t850,GraphCast_minus_HRES,rmse_mean,168.0,5,0.4,-0.36248949879671555,-0.40117095050646334,-0.32380804708696775
season,SON,t850,NeuralGCM_minus_HRES,acc_mean,24.0,5,0.2,0.006890599760326799,0.006890599760326799,0.006890599760326799
season,SON,t850,NeuralGCM_minus_HRES,acc_mean,72.0,5,0.2,0.012605698174054769,0.012605698174054769,0.012605698174054769
season,SON,t850,NeuralGCM_minus_HRES,acc_mean,120.0,5,0.2,0.024116903661339784,0.024116903661339784,0.024116903661339784
season,SON,t850,NeuralGCM_minus_HRES,acc_mean,168.0,5,0.2,0.03279577932551403,0.03279577932551403,0.03279577932551403
season,SON,t850,NeuralGCM_minus_HRES,rmse_mean,24.0,5,0.2,-0.18024540370771414,-0.18024540370771414,-0.18024540370771414
season,SON,t850,NeuralGCM_minus_HRES,rmse_mean,72.0,5,0.2,-0.19954921233991518,-0.19954921233991518,-0.19954921233991518
season,SON,t850,NeuralGCM_minus_HRES,rmse_mean,120.0,5,0.2,-0.24883482035052729,-0.24883482035052729,-0.24883482035052729
season,SON,t850,NeuralGCM_minus_HRES,rmse_mean,168.0,5,0.2,-0.2465773792865833,-0.2465773792865833,-0.2465773792865833
season,SON,u850,GraphCast_minus_HRES,acc_mean,24.0,5,0.4,0.00888120915508872,0.007174949369627037,0.010587468940550404
season,SON,u850,GraphCast_minus_HRES,acc_mean,72.0,5,0.4,0.017126923291727103,0.007841046341902747,0.02641280024155146
season,SON,u850,GraphCast_minus_HRES,acc_mean,120.0,5,0.2,0.017353183206693712,-0.0182636581516451,0.052970024565032525
season,SON,u850,GraphCast_minus_HRES,acc_mean,168.0,5,0.2,-0.00014168173081363644,-0.0783946312665369,0.07811126780490962
season,SON,u850,GraphCast_minus_HRES,rmse_mean,24.0,5,0.4,-0.31045274733658224,-0.32936350001273773,-0.29154199466042674
season,SON,u850,GraphCast_minus_HRES,rmse_mean,72.0,5,0.4,-0.4296029641432352,-0.45960762142454903,-0.3995983068619213
season,SON,u850,GraphCast_minus_HRES,rmse_mean,120.0,5,0.4,-0.5539383181152411,-0.5614806594712438,-0.5463959767592383
season,SON,u850,GraphCast_minus_HRES,rmse_mean,168.0,5,0.4,-0.654859890829679,-0.7005239523712463,-0.6091958292881117
season,SON,u850,NeuralGCM_minus_HRES,acc_mean,24.0,5,0.2,0.009020536326868056,0.009020536326868056,0.009020536326868056
season,SON,u850,NeuralGCM_minus_HRES,acc_mean,72.0,5,0.2,0.024462248330538228,0.024462248330538228,0.024462248330538228
season,SON,u850,NeuralGCM_minus_HRES,acc_mean,120.0,5,0.2,0.04690443183640702,0.04690443183640702,0.04690443183640702
season,SON,u850,NeuralGCM_minus_HRES,acc_mean,168.0,5,0.2,0.05788103674971712,0.05788103674971712,0.05788103674971712
season,SON,u850,NeuralGCM_minus_HRES,rmse_mean,24.0,5,0.2,-0.24384872469907393,-0.24384872469907393,-0.24384872469907393
season,SON,u850,NeuralGCM_minus_HRES,rmse_mean,72.0,5,0.2,-0.36291902446241964,-0.36291902446241964,-0.36291902446241964
season,SON,u850,NeuralGCM_minus_HRES,rmse_mean,120.0,5,0.2,-0.4542629702975285,-0.4542629702975285,-0.4542629702975285
season,SON,u850,NeuralGCM_minus_HRES,rmse_mean,168.0,5,0.2,-0.4367668809899419,-0.4367668809899419,-0.4367668809899419
season,SON,v850,GraphCast_minus_HRES,acc_mean,24.0,5,0.4,0.010395386736065604,0.00930427349222418,0.011486499979907028
season,SON,v850,GraphCast_minus_HRES,acc_mean,72.0,5,0.4,0.022484754098779924,0.016910970868303843,0.028058537329256006
season,SON,v850,GraphCast_minus_HRES,acc_mean,120.0,5,0.4,0.041072149797429014,0.024457553836989,0.05768674575786903
season,SON,v850,GraphCast_minus_HRES,acc_mean,168.0,5,0.2,0.036209274023927374,-0.0037162560898711394,0.07613480413772589
season,SON,v850,GraphCast_minus_HRES,rmse_mean,24.0,5,0.4,-0.30991414643924364,-0.327569246262146,-0.2922590466163413
season,SON,v850,GraphCast_minus_HRES,rmse_mean,72.0,5,0.4,-0.417245179733027,-0.4401765232273416,-0.3943138362387124
season,SON,v850,GraphCast_minus_HRES,rmse_mean,120.0,5,0.4,-0.5873368873753175,-0.5938924468154916,-0.5807813279351435
season,SON,v850,GraphCast_minus_HRES,rmse_mean,168.0,5,0.4,-0.6866227184252165,-0.6904261786884778,-0.6828192581619552
season,SON,v850,NeuralGCM_minus_HRES,acc_mean,24.0,5,0.2,0.009664128383244819,0.009664128383244819,0.009664128383244819
season,SON,v850,NeuralGCM_minus_HRES,acc_mean,72.0,5,0.2,0.025638931485400973,0.025638931485400973,0.025638931485400973
season,SON,v850,NeuralGCM_minus_HRES,acc_mean,120.0,5,0.2,0.051183380388386546,0.051183380388386546,0.051183380388386546
season,SON,v850,NeuralGCM_minus_HRES,acc_mean,168.0,5,0.2,0.06126857879472314,0.06126857879472314,0.06126857879472314
season,SON,v850,NeuralGCM_minus_HRES,rmse_mean,24.0,5,0.2,-0.24101160335259797,-0.24101160335259797,-0.24101160335259797
season,SON,v850,NeuralGCM_minus_HRES,rmse_mean,72.0,5,0.2,-0.3520310152056727,-0.3520310152056727,-0.3520310152056727
season,SON,v850,NeuralGCM_minus_HRES,rmse_mean,120.0,5,0.2,-0.4646639349416213,-0.4646639349416213,-0.4646639349416213
season,SON,v850,NeuralGCM_minus_HRES,rmse_mean,168.0,5,0.2,-0.42420517266992785,-0.42420517266992785,-0.42420517266992785
season,SON,z500,GraphCast_minus_HRES,acc_mean,24.0,5,0.2,9.085413383536078e-05,-0.00015762969252286485,0.0003393379601935864
season,SON,z500,GraphCast_minus_HRES,acc_mean,72.0,5,0.2,-0.0016974466125949106,-0.00577012090971063,0.0023752276845208087
season,SON,z500,GraphCast_minus_HRES,acc_mean,120.0,5,0.2,-0.010108855355149104,-0.03325650980091055,0.01303879909061234
season,SON,z500,GraphCast_minus_HRES,acc_mean,168.0,5,0.2,-0.05869807770544294,-0.1522129103556461,0.03481675494476022
season,SON,z500,GraphCast_minus_HRES,rmse_mean,24.0,5,0.4,-7.875235957882598,-9.504191650642852,-6.246280265122344
season,SON,z500,GraphCast_minus_HRES,rmse_mean,72.0,5,0.4,-14.550500018292269,-15.242610181110408,-13.85838985547413
season,SON,z500,GraphCast_minus_HRES,rmse_mean,120.0,5,0.4,-34.400991675281176,-35.525576549734126,-33.27640680082823
season,SON,z500,GraphCast_minus_HRES,rmse_mean,168.0,5,0.4,-53.377319504504044,-60.82049902688942,-45.934139982118666
season,SON,z500,NeuralGCM_minus_HRES,acc_mean,24.0,5,0.2,0.00043010008471322525,0.00043010008471322525,0.00043010008471322525
season,SON,z500,NeuralGCM_minus_HRES,acc_mean,72.0,5,0.2,0.0035851970082732,0.0035851970082732,0.0035851970082732
season,SON,z500,NeuralGCM_minus_HRES,acc_mean,120.0,5,0.2,0.01596106918095397,0.01596106918095397,0.01596106918095397
season,SON,z500,NeuralGCM_minus_HRES,acc_mean,168.0,5,0.2,0.03276699534406846,0.03276699534406846,0.03276699534406846
season,SON,z500,NeuralGCM_minus_HRES,rmse_mean,24.0,5,0.2,-8.037754338397505,-8.037754338397505,-8.037754338397505
season,SON,z500,NeuralGCM_minus_HRES,rmse_mean,72.0,5,0.2,-21.762659031898792,-21.762659031898792,-21.762659031898792
season,SON,z500,NeuralGCM_minus_HRES,rmse_mean,120.0,5,0.2,-42.47173693113052,-42.47173693113052,-42.47173693113052
season,SON,z500,NeuralGCM_minus_HRES,rmse_mean,168.0,5,0.2,-51.30069102925518,-51.30069102925518,-51.30069102925518
year,ALL,mslp,GraphCast_minus_HRES,acc_mean,24.0,5,0.6,0.0012263559626614073,0.0008679891331990763,0.001483639513470747
year,ALL,mslp,GraphCast_minus_HRES,acc_mean,72.0,5,0.6,0.0042356496940283055,0.003303196961362831,0.005066279209456459
year,ALL,mslp,GraphCast_minus_HRES,acc_mean,120.0,5,0.6,0.01534226393452287,0.013306554826674422,0.016937170768850374
year,ALL,mslp,GraphCast_minus_HRES,acc_mean,168.0,5,0.6,0.025265455215706556,0.016562078120087698,0.03721441888090471
year,ALL,mslp,GraphCast_minus_HRES,rmse_mean,24.0,5,0.6,-15.561323582991022,-19.2999615694308,-13.513791116033133
year,ALL,mslp,GraphCast_minus_HRES,rmse_mean,72.0,5,0.6,-25.041940200055446,-31.82609808061933,-17.56828792034011
year,ALL,mslp,GraphCast_minus_HRES,rmse_mean,120.0,5,0.6,-48.95806016534067,-57.18132739927,-33.08626967405468
year,ALL,mslp,GraphCast_minus_HRES,rmse_mean,168.0,5,0.6,-69.1911475485686,-80.5369013216469,-52.56534231675357
year,ALL,mslp,NeuralGCM_minus_HRES,acc_mean,24.0,5,0.0,,,
year,ALL,mslp,NeuralGCM_minus_HRES,acc_mean,72.0,5,0.0,,,
year,ALL,mslp,NeuralGCM_minus_HRES,acc_mean,120.0,5,0.0,,,
year,ALL,mslp,NeuralGCM_minus_HRES,acc_mean,168.0,5,0.0,,,
year,ALL,mslp,NeuralGCM_minus_HRES,rmse_mean,24.0,5,0.0,,,
year,ALL,mslp,NeuralGCM_minus_HRES,rmse_mean,72.0,5,0.0,,,
year,ALL,mslp,NeuralGCM_minus_HRES,rmse_mean,120.0,5,0.0,,,
year,ALL,mslp,NeuralGCM_minus_HRES,rmse_mean,168.0,5,0.0,,,
year,ALL,t850,GraphCast_minus_HRES,acc_mean,24.0,5,0.2,0.0014853255019173413,-0.00038107556152700006,0.005155452524644222
year,ALL,t850,GraphCast_minus_HRES,acc_mean,72.0,5,0.2,-0.0028832058158554754,-0.009893317356585163,0.009265975319089126
year,ALL,t850,GraphCast_minus_HRES,acc_mean,120.0,5,0.2,-0.014255584259127726,-0.03222100725098742,0.01772064194401224
year,ALL,t850,GraphCast_minus_HRES,acc_mean,168.0,5,0.2,-0.047246725687346634,-0.08610452622670905,0.0284528993911779
year,ALL,t850,GraphCast_minus_HRES,rmse_mean,24.0,5,0.6,-0.2292879517547215,-0.23956640456167777,-0.21101855701794092
year,ALL,t850,GraphCast_minus_HRES,rmse_mean,72.0,5,0.6,-0.26400097228132474,-0.293966082144004,-0.22692858172858787
year,ALL,t850,GraphCast_minus_HRES,rmse_mean,120.0,5,0.6,-0.34668303277334167,-0.3980962582394887,-0.2765034601196421
year,ALL,t850,GraphCast_minus_HRES,rmse_mean,168.0,5,0.6,-0.3916276020830553,-0.44344272267519047,-0.3106481938737238
year,ALL,t850,NeuralGCM_minus_HRES,acc_mean,24.0,5,0.2,0.004584671982526434,0.004584671982526434,0.004584671982526434
year,ALL,t850,NeuralGCM_minus_HRES,acc_mean,72.0,5,0.2,0.008430335928861,0.008430335928861,0.008430335928861
year,ALL,t850,NeuralGCM_minus_HRES,acc_mean,120.0,5,0.2,0.016066637227558633,0.016066637227558633,0.016066637227558633
year,ALL,t850,NeuralGCM_minus_HRES,acc_mean,168.0,5,0.2,0.02417137803056235,0.02417137803056235,0.02417137803056235
year,ALL,t850,NeuralGCM_minus_HRES,rmse_mean,24.0,5,0.2,-0.1832435203143158,-0.1832435203143158,-0.1832435203143158
year,ALL,t850,NeuralGCM_minus_HRES,rmse_mean,72.0,5,0.2,-0.20450937721034457,-0.20450937721034457,-0.20450937721034457
year,ALL,t850,NeuralGCM_minus_HRES,rmse_mean,120.0,5,0.2,-0.24964961723083734,-0.24964961723083734,-0.24964961723083734
year,ALL,t850,NeuralGCM_minus_HRES,rmse_mean,168.0,5,0.2,-0.26638202699020797,-0.26638202699020797,-0.26638202699020797
year,ALL,u850,GraphCast_minus_HRES,acc_mean,24.0,5,0.6,0.008777959000424551,0.007230151723109812,0.009870287061358174
year,ALL,u850,GraphCast_minus_HRES,acc_mean,72.0,5,0.6,0.021308638308777716,0.016924458926945607,0.02395634943385916
year,ALL,u850,GraphCast_minus_HRES,acc_mean,120.0,5,0.6,0.040691862367802645,0.032032371952801286,0.04780116601611473
year,ALL,u850,GraphCast_minus_HRES,acc_mean,168.0,5,0.6,0.04709412975934631,0.024694875205941824,0.06851259685909872
year,ALL,u850,GraphCast_minus_HRES,rmse_mean,24.0,5,0.6,-0.3196066885182079,-0.351103824451333,-0.3014319581260747
year,ALL,u850,GraphCast_minus_HRES,rmse_mean,72.0,5,0.6,-0.46421249120401337,-0.5332329500752526,-0.40107810429171487
year,ALL,u850,GraphCast_minus_HRES,rmse_mean,120.0,5,0.6,-0.6506644361399984,-0.7292479766090749,-0.5510930702483172
year,ALL,u850,GraphCast_minus_HRES,rmse_mean,168.0,5,0.6,-0.7413192621166278,-0.8233981570488131,-0.6524858050730336
year,ALL,u850,NeuralGCM_minus_HRES,acc_mean,24.0,5,0.2,0.008424660068185763,0.008424660068185763,0.008424660068185763
year,ALL,u850,NeuralGCM_minus_HRES,acc_mean,72.0,5,0.2,0.0221483790436382,0.0221483790436382,0.0221483790436382
year,ALL,u850,NeuralGCM_minus_HRES,acc_mean,120.0,5,0.2,0.04314950245371951,0.04314950245371951,0.04314950245371951
year,ALL,u850,NeuralGCM_minus_HRES,acc_mean,168.0,5,0.2,0.05670565382682147,0.05670565382682147,0.05670565382682147
year,ALL,u850,NeuralGCM_minus_HRES,rmse_mean,24.0,5,0.2,-0.2522204854563681,-0.2522204854563681,-0.2522204854563681
year,ALL,u850,NeuralGCM_minus_HRES,rmse_mean,72.0,5,0.2,-0.3661087314055418,-0.3661087314055418,-0.3661087314055418
year,ALL,u850,NeuralGCM_minus_HRES,rmse_mean,120.0,5,0.2,-0.4627675305209631,-0.4627675305209631,-0.4627675305209631
year,ALL,u850,NeuralGCM_minus_HRES,rmse_mean,168.0,5,0.2,-0.46272931179436405,-0.46272931179436405,-0.46272931179436405
year,ALL,v850,GraphCast_minus_HRES,acc_mean,24.0,5,0.6,0.010627573428773593,0.008770916013513208,0.011701671078335973
year,ALL,v850,GraphCast_minus_HRES,acc_mean,72.0,5,0.6,0.027444850088670147,0.023586509843987247,0.031702333172003216
year,ALL,v850,GraphCast_minus_HRES,acc_mean,120.0,5,0.6,0.056906237841509576,0.051753911640229244,0.06561383049937886
year,ALL,v850,GraphCast_minus_HRES,acc_mean,168.0,5,0.6,0.07510575362408904,0.06837637509483263,0.08493432363593145
year,ALL,v850,GraphCast_minus_HRES,rmse_mean,24.0,5,0.6,-0.3173400491858571,-0.35093413686200714,-0.29909783316680216
year,ALL,v850,GraphCast_minus_HRES,rmse_mean,72.0,5,0.6,-0.4640016567003093,-0.5433246145153878,-0.39141312485495083
year,ALL,v850,GraphCast_minus_HRES,rmse_mean,120.0,5,0.6,-0.6602371758136627,-0.7785501673524751,-0.5469229252546519
year,ALL,v850,GraphCast_minus_HRES,rmse_mean,168.0,5,0.6,-0.752623505585548,-0.8700142471952965,-0.6516287183783307
year,ALL,v850,NeuralGCM_minus_HRES,acc_mean,24.0,5,0.2,0.009634098860020202,0.009634098860020202,0.009634098860020202
year,ALL,v850,NeuralGCM_minus_HRES,acc_mean,72.0,5,0.2,0.02493673754143677,0.02493673754143677,0.02493673754143677
year,ALL,v850,NeuralGCM_minus_HRES,acc_mean,120.0,5,0.2,0.04803370389742667,0.04803370389742667,0.04803370389742667
year,ALL,v850,NeuralGCM_minus_HRES,acc_mean,168.0,5,0.2,0.06246563141756789,0.06246563141756789,0.06246563141756789
year,ALL,v850,NeuralGCM_minus_HRES,rmse_mean,24.0,5,0.2,-0.2473886342052296,-0.2473886342052296,-0.2473886342052296
year,ALL,v850,NeuralGCM_minus_HRES,rmse_mean,72.0,5,0.2,-0.35435298612035293,-0.35435298612035293,-0.35435298612035293
year,ALL,v850,NeuralGCM_minus_HRES,rmse_mean,120.0,5,0.2,-0.4474591555190135,-0.4474591555190135,-0.4474591555190135
year,ALL,v850,NeuralGCM_minus_HRES,rmse_mean,168.0,5,0.2,-0.45479660364259633,-0.45479660364259633,-0.45479660364259633
year,ALL,z500,GraphCast_minus_HRES,acc_mean,24.0,5,0.2,-2.5379793665458728e-05,-0.00034306425437036214,0.00028546902795600904
year,ALL,z500,GraphCast_minus_HRES,acc_mean,72.0,5,0.2,-0.0011646328829886625,-0.003301070165653286,0.0015892363622703742
year,ALL,z500,GraphCast_minus_HRES,acc_mean,120.0,5,0.2,-0.0050677563892850275,-0.01406436459653393,0.008412388285973238
year,ALL,z500,GraphCast_minus_HRES,acc_mean,168.0,5,0.2,-0.022927141201876593,-0.04804552549830865,0.023801772355180773
year,ALL,z500,GraphCast_minus_HRES,rmse_mean,24.0,5,0.6,-9.12033749099758,-12.367522264696369,-7.386621457643514
year,ALL,z500,GraphCast_minus_HRES,rmse_mean,72.0,5,0.6,-20.386357703302025,-27.294307210870997,-12.958569924527112
year,ALL,z500,GraphCast_minus_HRES,rmse_mean,120.0,5,0.6,-47.28216150806483,-57.299344753051315,-31.409163582264398
year,ALL,z500,GraphCast_minus_HRES,rmse_mean,168.0,5,0.6,-69.96302510450359,-80.538229576513,-54.03965737586577
year,ALL,z500,NeuralGCM_minus_HRES,acc_mean,24.0,5,0.2,0.0003506971238856904,0.0003506971238856904,0.0003506971238856904
year,ALL,z500,NeuralGCM_minus_HRES,acc_mean,72.0,5,0.2,0.002518410515509828,0.002518410515509828,0.002518410515509828
year,ALL,z500,NeuralGCM_minus_HRES,acc_mean,120.0,5,0.2,0.0104178320167585,0.0104178320167585,0.0104178320167585
year,ALL,z500,NeuralGCM_minus_HRES,acc_mean,168.0,5,0.2,0.024544150523420183,0.024544150523420183,0.024544150523420183
year,ALL,z500,NeuralGCM_minus_HRES,rmse_mean,24.0,5,0.2,-9.21404625692626,-9.21404625692626,-9.21404625692626
year,ALL,z500,NeuralGCM_minus_HRES,rmse_mean,72.0,5,0.2,-21.503046836937344,-21.503046836937344,-21.503046836937344
year,ALL,z500,NeuralGCM_minus_HRES,rmse_mean,120.0,5,0.2,-38.787883846049795,-38.787883846049795,-38.787883846049795
year,ALL,z500,NeuralGCM_minus_HRES,rmse_mean,168.0,5,0.2,-53.05315055783478,-53.05315055783478,-53.05315055783478
