window,variable,model,lead,wavenumber,spectral_retention,spectral_rmse
2022-01-01_2022-12-31,z500,HRES,1 days,0.5,1.012346228129784,0.023390993729842137
2022-01-01_2022-12-31,z500,HRES,1 days,1.5,0.9923831180941106,221805.35991084314
2022-01-01_2022-12-31,z500,HRES,1 days,2.5,0.9915741235523091,118005.1726986183
2022-01-01_2022-12-31,z500,HRES,1 days,3.5,0.9841056775555814,107208.80780829984
2022-01-01_2022-12-31,z500,HRES,1 days,4.5,0.9861788316851795,83080.30085833918
2022-01-01_2022-12-31,z500,HRES,1 days,5.5,0.9852667845398221,71174.78859303893
2022-01-01_2022-12-31,z500,HRES,1 days,6.5,0.9886233221006426,64011.15428354925
2022-01-01_2022-12-31,z500,HRES,1 days,7.5,0.9866688394587415,52847.502069447444
2022-01-01_2022-12-31,z500,HRES,1 days,8.5,0.9884988894483573,46988.02741711459
2022-01-01_2022-12-31,z500,HRES,1 days,9.5,0.9882460824111621,42151.799912579714
2022-01-01_2022-12-31,z500,HRES,1 days,10.5,0.9892117208773583,37169.1711462353
2022-01-01_2022-12-31,z500,HRES,1 days,11.5,0.9924545983834624,34664.49907062401
2022-01-01_2022-12-31,z500,HRES,1 days,12.5,0.9926908220621329,30249.81078083505
2022-01-01_2022-12-31,z500,HRES,1 days,13.5,0.9936010083751781,27039.43346169128
2022-01-01_2022-12-31,z500,HRES,1 days,14.5,0.9992804817949257,24505.049154775683
2022-01-01_2022-12-31,z500,HRES,1 days,15.5,0.9991640054013233,22210.358393054063
2022-01-01_2022-12-31,z500,HRES,1 days,16.5,0.9997611216067737,20445.496100579945
2022-01-01_2022-12-31,z500,HRES,1 days,17.5,0.999707269892413,18585.69354320283
2022-01-01_2022-12-31,z500,HRES,1 days,18.5,1.0022666442217643,17065.288912431814
2022-01-01_2022-12-31,z500,HRES,1 days,19.5,1.0022420988490746,15760.601092333778
2022-01-01_2022-12-31,z500,HRES,1 days,20.5,1.0044308058651124,14662.479895887114
2022-01-01_2022-12-31,z500,HRES,1 days,21.5,1.0027212308185705,13387.21655689536
2022-01-01_2022-12-31,z500,HRES,1 days,22.5,1.0038705179708065,12476.626244964775
2022-01-01_2022-12-31,z500,HRES,1 days,23.5,1.0034478176284294,11543.426252449179
2022-01-01_2022-12-31,z500,HRES,1 days,24.5,1.0035319133532905,10764.678388965318
2022-01-01_2022-12-31,z500,HRES,1 days,25.5,1.0038932232539362,9970.420039531107
2022-01-01_2022-12-31,z500,HRES,1 days,26.5,1.003855978813326,9294.222072157789
2022-01-01_2022-12-31,z500,HRES,1 days,27.5,1.0018887939607806,8808.975389596077
2022-01-01_2022-12-31,z500,HRES,1 days,28.5,1.0014723144091804,8344.881469267679
2022-01-01_2022-12-31,z500,HRES,1 days,29.5,1.0026786502005276,7776.339376748366
2022-01-01_2022-12-31,z500,HRES,1 days,30.5,1.0044843692566423,7336.32957187782
2022-01-01_2022-12-31,z500,HRES,1 days,31.5,1.004808693349628,6858.081598721964
2022-01-01_2022-12-31,z500,HRES,1 days,32.5,1.005661222830836,6567.510315978192
2022-01-01_2022-12-31,z500,HRES,1 days,33.5,1.0046564066138255,6203.922963228778
2022-01-01_2022-12-31,z500,HRES,1 days,34.5,1.0057389538910204,5836.067714661126
2022-01-01_2022-12-31,z500,HRES,1 days,35.5,1.0064985733252372,5634.114167927556
2022-01-01_2022-12-31,z500,HRES,1 days,36.5,1.0088836175726559,5294.574256356825
2022-01-01_2022-12-31,z500,HRES,1 days,37.5,1.0068502326516782,5081.910633574123
2022-01-01_2022-12-31,z500,HRES,1 days,38.5,1.0077830899280242,4766.829936098768
2022-01-01_2022-12-31,z500,HRES,1 days,39.5,1.0062700418176598,4579.848882930925
2022-01-01_2022-12-31,z500,HRES,1 days,40.5,1.0073004894472537,4423.79452031348
2022-01-01_2022-12-31,z500,HRES,1 days,41.5,1.0069198040422664,4148.409832673175
2022-01-01_2022-12-31,z500,HRES,1 days,42.5,1.0081653515479159,4013.275071574657
2022-01-01_2022-12-31,z500,HRES,1 days,43.5,1.0082674506726348,3792.8566388070767
2022-01-01_2022-12-31,z500,HRES,1 days,44.5,1.0076954475154265,3673.8038161533127
2022-01-01_2022-12-31,z500,HRES,1 days,45.5,1.007824801459738,3535.625381858831
2022-01-01_2022-12-31,z500,HRES,1 days,46.5,1.0077529660907731,3373.0643687368406
2022-01-01_2022-12-31,z500,HRES,1 days,47.5,1.0080976130586445,3264.114849292263
2022-01-01_2022-12-31,z500,HRES,1 days,48.5,1.0080992136797753,3118.0184014295937
2022-01-01_2022-12-31,z500,HRES,1 days,49.5,1.0087822154198114,3036.394479042775
2022-01-01_2022-12-31,z500,HRES,1 days,50.5,1.00801510618593,2902.6054949107224
2022-01-01_2022-12-31,z500,HRES,1 days,51.5,1.0077301652072412,2809.2135523193488
2022-01-01_2022-12-31,z500,HRES,1 days,52.5,1.0080879305205097,2749.7777710872
2022-01-01_2022-12-31,z500,HRES,1 days,53.5,1.0079409806812807,2622.6297115678512
2022-01-01_2022-12-31,z500,HRES,1 days,54.5,1.0076947504797074,2583.771050592785
2022-01-01_2022-12-31,z500,HRES,1 days,55.5,1.007954668668365,2443.3781285343944
2022-01-01_2022-12-31,z500,HRES,1 days,56.5,1.007641627762363,2416.8429788926865
2022-01-01_2022-12-31,z500,HRES,1 days,57.5,1.0070886321460062,2343.6142549332317
2022-01-01_2022-12-31,z500,HRES,1 days,58.5,1.0075793038454643,2275.4521853739593
2022-01-01_2022-12-31,z500,HRES,1 days,59.5,1.0079389731350543,2243.1717949321
2022-01-01_2022-12-31,z500,HRES,1 days,60.5,1.0076987019167873,2162.1365648979618
2022-01-01_2022-12-31,z500,HRES,1 days,61.5,1.0451897384400368,1797.7351472894716
2022-01-01_2022-12-31,z500,HRES,1 days,62.5,1.036306663733599,1736.2210570922575
2022-01-01_2022-12-31,z500,HRES,1 days,63.5,1.0348256493758288,1696.3883235699316
2022-01-01_2022-12-31,z500,HRES,1 days,64.5,1.0315097491758514,1660.3008903379962
2022-01-01_2022-12-31,z500,HRES,1 days,65.5,1.0322441692522677,1606.2560304434523
2022-01-01_2022-12-31,z500,HRES,1 days,66.5,1.0260720176459541,1579.433634161095
2022-01-01_2022-12-31,z500,HRES,1 days,67.5,1.0323916599343135,1536.1454919987275
2022-01-01_2022-12-31,z500,HRES,1 days,68.5,1.035442723146645,1510.2189004254656
2022-01-01_2022-12-31,z500,HRES,1 days,69.5,1.0286819809124212,1477.058683084239
2022-01-01_2022-12-31,z500,HRES,1 days,70.5,1.0264858528547631,1417.3032491903318
2022-01-01_2022-12-31,z500,HRES,1 days,71.5,1.0254893223678354,1400.8435965151457
2022-01-01_2022-12-31,z500,HRES,1 days,72.5,1.0354810906444367,1366.1940093290004
2022-01-01_2022-12-31,z500,HRES,1 days,73.5,1.024803837724967,1337.3971193845628
2022-01-01_2022-12-31,z500,HRES,1 days,74.5,1.0308448162932224,1304.5649076083062
2022-01-01_2022-12-31,z500,HRES,1 days,75.5,1.0196157368635035,1273.0254948836139
2022-01-01_2022-12-31,z500,HRES,1 days,76.5,1.0237381148286406,1249.4271435071971
2022-01-01_2022-12-31,z500,HRES,1 days,77.5,1.0305800767739062,1198.818144217102
2022-01-01_2022-12-31,z500,HRES,1 days,78.5,1.0302666149697866,1204.1138961453075
2022-01-01_2022-12-31,z500,HRES,1 days,79.5,1.0434112926560288,1154.7953477239755
2022-01-01_2022-12-31,z500,HRES,1 days,80.5,1.0370990461499852,1140.667408337755
2022-01-01_2022-12-31,z500,HRES,1 days,81.5,1.035990862947341,1120.069162613458
2022-01-01_2022-12-31,z500,HRES,1 days,82.5,1.0509812016894022,1081.7601535298802
2022-01-01_2022-12-31,z500,HRES,1 days,83.5,1.0309368405122745,1070.4159009843918
2022-01-01_2022-12-31,z500,HRES,1 days,84.5,1.051210767887043,1033.398016225862
2022-01-01_2022-12-31,z500,HRES,1 days,85.5,1.0504868742723639,1021.0750051711633
2022-01-01_2022-12-31,z500,HRES,1 days,86.5,1.0449301773025288,1003.631555601619
2022-01-01_2022-12-31,z500,HRES,1 days,87.5,1.0518770860192455,970.8395394245903
2022-01-01_2022-12-31,z500,HRES,1 days,88.5,1.0581785494346914,963.0482130812027
2022-01-01_2022-12-31,z500,HRES,1 days,89.5,1.0591484747261866,933.3946509673113
2022-01-01_2022-12-31,z500,HRES,1 days,90.5,1.066628031464872,915.6539651865098
2022-01-01_2022-12-31,z500,HRES,1 days,91.5,1.0577777334153253,901.6540535994859
2022-01-01_2022-12-31,z500,HRES,1 days,92.5,1.0598902343485848,881.6052287016728
2022-01-01_2022-12-31,z500,HRES,1 days,93.5,1.0692373603677465,868.455651941089
2022-01-01_2022-12-31,z500,HRES,1 days,94.5,1.0743847222781888,847.7320949340776
2022-01-01_2022-12-31,z500,HRES,1 days,95.5,1.0753772285177545,834.0813939038147
2022-01-01_2022-12-31,z500,HRES,1 days,96.5,1.0804834897412776,820.6854985480444
2022-01-01_2022-12-31,z500,HRES,1 days,97.5,1.0885548651865153,802.0990321886549
2022-01-01_2022-12-31,z500,HRES,1 days,98.5,1.0989258038280996,793.6596972563303
2022-01-01_2022-12-31,z500,HRES,1 days,99.5,1.0861293272230113,772.2649669234288
2022-01-01_2022-12-31,z500,HRES,1 days,100.5,1.1007645446263177,766.6713390639621
2022-01-01_2022-12-31,z500,HRES,1 days,101.5,1.102393870585687,750.7873653992307
2022-01-01_2022-12-31,z500,HRES,1 days,102.5,1.1022137191011574,736.2387713333036
2022-01-01_2022-12-31,z500,HRES,1 days,103.5,1.1087767493528837,735.630730666051
2022-01-01_2022-12-31,z500,HRES,1 days,104.5,1.114107272935482,717.9303139449969
2022-01-01_2022-12-31,z500,HRES,1 days,105.5,1.1286439525608225,708.4020182537066
2022-01-01_2022-12-31,z500,HRES,1 days,106.5,1.13440752430666,696.6777389973228
2022-01-01_2022-12-31,z500,HRES,1 days,107.5,1.134707931599623,689.4525334721923
2022-01-01_2022-12-31,z500,HRES,1 days,108.5,1.130573277028358,685.5986023907107
2022-01-01_2022-12-31,z500,HRES,1 days,109.5,1.1263653833187706,672.9876797048261
2022-01-01_2022-12-31,z500,HRES,1 days,110.5,1.1435075425331322,660.3902040982924
2022-01-01_2022-12-31,z500,HRES,1 days,111.5,1.145944800984033,658.1536791771036
2022-01-01_2022-12-31,z500,HRES,1 days,112.5,1.1433663043396458,653.3416894745933
2022-01-01_2022-12-31,z500,HRES,1 days,113.5,1.1460146072277875,650.0000439744488
2022-01-01_2022-12-31,z500,HRES,1 days,114.5,1.1521172087174063,638.5537193300777
2022-01-01_2022-12-31,z500,HRES,1 days,115.5,1.160928575222997,636.0240887962565
2022-01-01_2022-12-31,z500,HRES,1 days,116.5,1.182954502785363,633.1192969983596
2022-01-01_2022-12-31,z500,HRES,1 days,117.5,1.1699871230596366,630.3395631337837
2022-01-01_2022-12-31,z500,HRES,1 days,118.5,1.1637841863594516,625.6955030555814
2022-01-01_2022-12-31,z500,HRES,1 days,119.5,1.1682538541452983,621.7844779680696
2022-01-01_2022-12-31,z500,HRES,1 days,120.5,1.166959943516299,624.2365579036477
2022-01-01_2022-12-31,z500,HRES,1 days,121.5,1.192340548945499,574.0520889247355
2022-01-01_2022-12-31,z500,HRES,1 days,122.5,1.2205476570235967,548.194940149744
2022-01-01_2022-12-31,z500,HRES,1 days,123.5,1.258020591474073,520.502149125702
2022-01-01_2022-12-31,z500,HRES,1 days,124.5,1.2804021201138196,505.89829193992847
2022-01-01_2022-12-31,z500,HRES,1 days,125.5,1.2855155849930253,492.50001154746917
2022-01-01_2022-12-31,z500,HRES,1 days,126.5,1.299641700330835,482.21674715845637
2022-01-01_2022-12-31,z500,HRES,1 days,127.5,1.3228447209083773,467.9136030519075
2022-01-01_2022-12-31,z500,HRES,1 days,128.5,1.3117982947963571,459.95442575430593
2022-01-01_2022-12-31,z500,HRES,1 days,129.5,1.3419788157679393,450.7026715098494
2022-01-01_2022-12-31,z500,HRES,1 days,130.5,1.3331770353147538,443.80114862082746
2022-01-01_2022-12-31,z500,HRES,1 days,131.5,1.3624915570919076,440.0708475821179
2022-01-01_2022-12-31,z500,HRES,1 days,132.5,1.3658101098776605,432.12104138638614
2022-01-01_2022-12-31,z500,HRES,1 days,133.5,1.4153561828075254,420.85358920675304
2022-01-01_2022-12-31,z500,HRES,1 days,134.5,1.3047366009109576,389.0933066561371
2022-01-01_2022-12-31,z500,HRES,3 days,0.5,1.0117947599121204,0.04945257275866517
2022-01-01_2022-12-31,z500,HRES,3 days,1.5,0.9860247910677189,474948.98553734634
2022-01-01_2022-12-31,z500,HRES,3 days,2.5,0.9895853754043186,323575.6749543701
2022-01-01_2022-12-31,z500,HRES,3 days,3.5,0.9733093267462049,309445.47170576506
2022-01-01_2022-12-31,z500,HRES,3 days,4.5,0.9790037554843652,290037.6882964182
2022-01-01_2022-12-31,z500,HRES,3 days,5.5,0.978818337387315,253815.36018780438
2022-01-01_2022-12-31,z500,HRES,3 days,6.5,0.987771956083184,226375.8165334297
2022-01-01_2022-12-31,z500,HRES,3 days,7.5,0.9853435645545611,195005.33687732846
2022-01-01_2022-12-31,z500,HRES,3 days,8.5,0.9860867982613534,171640.43669049052
2022-01-01_2022-12-31,z500,HRES,3 days,9.5,0.9813236385434192,151005.96831387383
2022-01-01_2022-12-31,z500,HRES,3 days,10.5,0.9805863229325306,130058.34653180311
2022-01-01_2022-12-31,z500,HRES,3 days,11.5,0.9841058718775176,116143.14930197844
2022-01-01_2022-12-31,z500,HRES,3 days,12.5,0.9952431541501301,99259.36537904352
2022-01-01_2022-12-31,z500,HRES,3 days,13.5,0.9987542141636998,86756.98172545704
2022-01-01_2022-12-31,z500,HRES,3 days,14.5,1.0051405430304523,77054.97632332779
2022-01-01_2022-12-31,z500,HRES,3 days,15.5,1.002631113679087,68501.72109538254
2022-01-01_2022-12-31,z500,HRES,3 days,16.5,1.0017767930712294,62236.31079928045
2022-01-01_2022-12-31,z500,HRES,3 days,17.5,1.0026421412159219,55293.95921302908
2022-01-01_2022-12-31,z500,HRES,3 days,18.5,1.0102795884876756,49886.94913071292
2022-01-01_2022-12-31,z500,HRES,3 days,19.5,1.013937426664834,45471.27269560126
2022-01-01_2022-12-31,z500,HRES,3 days,20.5,1.0135825133782466,41447.525584095805
2022-01-01_2022-12-31,z500,HRES,3 days,21.5,1.0066227597182693,37151.23672038908
2022-01-01_2022-12-31,z500,HRES,3 days,22.5,1.0085071041679166,34176.964099170116
2022-01-01_2022-12-31,z500,HRES,3 days,23.5,1.0086815983287716,31395.725273692373
2022-01-01_2022-12-31,z500,HRES,3 days,24.5,1.0075674587386165,28646.57275847075
2022-01-01_2022-12-31,z500,HRES,3 days,25.5,1.0089559772511862,26182.68626402429
2022-01-01_2022-12-31,z500,HRES,3 days,26.5,1.0087313852225335,24020.855034197928
2022-01-01_2022-12-31,z500,HRES,3 days,27.5,1.007598599985248,22555.37281424726
2022-01-01_2022-12-31,z500,HRES,3 days,28.5,1.0078839986917758,21035.822563134534
2022-01-01_2022-12-31,z500,HRES,3 days,29.5,1.009051501301127,19207.722420519996
2022-01-01_2022-12-31,z500,HRES,3 days,30.5,1.0091901435424542,17943.43364596971
2022-01-01_2022-12-31,z500,HRES,3 days,31.5,1.0104347340373405,16546.16794466624
2022-01-01_2022-12-31,z500,HRES,3 days,32.5,1.0132342960727658,15641.655745260952
2022-01-01_2022-12-31,z500,HRES,3 days,33.5,1.0133343818473086,14507.571685768657
2022-01-01_2022-12-31,z500,HRES,3 days,34.5,1.0159385565117638,13490.501681149291
2022-01-01_2022-12-31,z500,HRES,3 days,35.5,1.0152669426384149,12878.269379102861
2022-01-01_2022-12-31,z500,HRES,3 days,36.5,1.017120956783689,11937.053705400724
2022-01-01_2022-12-31,z500,HRES,3 days,37.5,1.0162277483316589,11367.189201831332
2022-01-01_2022-12-31,z500,HRES,3 days,38.5,1.018022375583492,10537.399480646338
2022-01-01_2022-12-31,z500,HRES,3 days,39.5,1.0172767888299263,10034.185325101318
2022-01-01_2022-12-31,z500,HRES,3 days,40.5,1.0189985796843264,9613.271131843496
2022-01-01_2022-12-31,z500,HRES,3 days,41.5,1.0173762407277953,8915.991813786519
2022-01-01_2022-12-31,z500,HRES,3 days,42.5,1.0173057360324442,8578.628398850447
2022-01-01_2022-12-31,z500,HRES,3 days,43.5,1.0180658371082298,8036.81494535119
2022-01-01_2022-12-31,z500,HRES,3 days,44.5,1.0187407761660772,7740.994490379934
2022-01-01_2022-12-31,z500,HRES,3 days,45.5,1.0184662323159315,7430.833514130293
2022-01-01_2022-12-31,z500,HRES,3 days,46.5,1.0166870656111104,7005.623894746434
2022-01-01_2022-12-31,z500,HRES,3 days,47.5,1.0169360726184276,6755.0629320236085
2022-01-01_2022-12-31,z500,HRES,3 days,48.5,1.0166009575748667,6389.526582118803
2022-01-01_2022-12-31,z500,HRES,3 days,49.5,1.0176822401281909,6206.614079321074
2022-01-01_2022-12-31,z500,HRES,3 days,50.5,1.0173968576989518,5866.563002950783
2022-01-01_2022-12-31,z500,HRES,3 days,51.5,1.0162350744367097,5685.459505987285
2022-01-01_2022-12-31,z500,HRES,3 days,52.5,1.016274263151655,5572.168440523395
2022-01-01_2022-12-31,z500,HRES,3 days,53.5,1.015903469735095,5250.050688170679
2022-01-01_2022-12-31,z500,HRES,3 days,54.5,1.0156659308719593,5187.851398214442
2022-01-01_2022-12-31,z500,HRES,3 days,55.5,1.0159094459650415,4854.859152364555
2022-01-01_2022-12-31,z500,HRES,3 days,56.5,1.0169212925099573,4841.255008598059
2022-01-01_2022-12-31,z500,HRES,3 days,57.5,1.0174421355443488,4682.93379943633
2022-01-01_2022-12-31,z500,HRES,3 days,58.5,1.0172450907247543,4547.759259528975
2022-01-01_2022-12-31,z500,HRES,3 days,59.5,1.0169049534714267,4460.537343672724
2022-01-01_2022-12-31,z500,HRES,3 days,60.5,1.0162246051271222,4289.3412906611175
2022-01-01_2022-12-31,z500,HRES,3 days,61.5,1.033954570087436,2809.928017133757
2022-01-01_2022-12-31,z500,HRES,3 days,62.5,1.0248393949064967,2673.685681168813
2022-01-01_2022-12-31,z500,HRES,3 days,63.5,1.028503331892663,2594.7437503786177
2022-01-01_2022-12-31,z500,HRES,3 days,64.5,1.0282947474800037,2530.3529328620098
2022-01-01_2022-12-31,z500,HRES,3 days,65.5,1.0247170927157307,2402.989604729806
2022-01-01_2022-12-31,z500,HRES,3 days,66.5,1.0222365201148929,2353.915689873695
2022-01-01_2022-12-31,z500,HRES,3 days,67.5,1.022324448157204,2258.820000274236
2022-01-01_2022-12-31,z500,HRES,3 days,68.5,1.0212665917203834,2204.268600739587
2022-01-01_2022-12-31,z500,HRES,3 days,69.5,1.009498092418193,2146.129887136163
2022-01-01_2022-12-31,z500,HRES,3 days,70.5,1.0139498493637868,2045.0066654847335
2022-01-01_2022-12-31,z500,HRES,3 days,71.5,1.0181653185030168,2010.362217326411
2022-01-01_2022-12-31,z500,HRES,3 days,72.5,1.0156675639801116,1938.1174506510595
2022-01-01_2022-12-31,z500,HRES,3 days,73.5,1.0147292649682593,1889.2457002057422
2022-01-01_2022-12-31,z500,HRES,3 days,74.5,1.0224077819495463,1832.3252913941444
2022-01-01_2022-12-31,z500,HRES,3 days,75.5,1.0117683036857625,1767.4393095336397
2022-01-01_2022-12-31,z500,HRES,3 days,76.5,1.0125127329008794,1727.5842481962616
2022-01-01_2022-12-31,z500,HRES,3 days,77.5,1.0165844755977127,1640.7075475934612
2022-01-01_2022-12-31,z500,HRES,3 days,78.5,1.0168497672158128,1637.2673255944903
2022-01-01_2022-12-31,z500,HRES,3 days,79.5,1.0210270840792484,1561.0271435788538
2022-01-01_2022-12-31,z500,HRES,3 days,80.5,1.0272077069711305,1534.0591372192869
2022-01-01_2022-12-31,z500,HRES,3 days,81.5,1.0255041129145976,1499.2028205401573
2022-01-01_2022-12-31,z500,HRES,3 days,82.5,1.0322305506450706,1435.9803746152097
2022-01-01_2022-12-31,z500,HRES,3 days,83.5,1.0221248566354812,1419.3740431888382
2022-01-01_2022-12-31,z500,HRES,3 days,84.5,1.0485420046612617,1359.3821723515125
2022-01-01_2022-12-31,z500,HRES,3 days,85.5,1.0423071164823152,1333.0463976916326
2022-01-01_2022-12-31,z500,HRES,3 days,86.5,1.0322955761611674,1307.0601408563675
2022-01-01_2022-12-31,z500,HRES,3 days,87.5,1.032144079171529,1252.1475926197106
2022-01-01_2022-12-31,z500,HRES,3 days,88.5,1.0495018697642762,1239.2101264836197
2022-01-01_2022-12-31,z500,HRES,3 days,89.5,1.047011723425441,1195.4856863653874
2022-01-01_2022-12-31,z500,HRES,3 days,90.5,1.0599467341360902,1164.5552287926387
2022-01-01_2022-12-31,z500,HRES,3 days,91.5,1.0526903240977854,1148.053976039076
2022-01-01_2022-12-31,z500,HRES,3 days,92.5,1.057593826448963,1111.8257782743449
2022-01-01_2022-12-31,z500,HRES,3 days,93.5,1.056437180952866,1091.7476621298613
2022-01-01_2022-12-31,z500,HRES,3 days,94.5,1.0660108059862463,1058.49429466968
2022-01-01_2022-12-31,z500,HRES,3 days,95.5,1.0654637619870078,1038.8697618671456
2022-01-01_2022-12-31,z500,HRES,3 days,96.5,1.0796987973320151,1017.644153008885
2022-01-01_2022-12-31,z500,HRES,3 days,97.5,1.0884107472565028,989.5907491583025
2022-01-01_2022-12-31,z500,HRES,3 days,98.5,1.0891850793133084,977.860062478145
2022-01-01_2022-12-31,z500,HRES,3 days,99.5,1.0920275077923318,948.6714147034232
2022-01-01_2022-12-31,z500,HRES,3 days,100.5,1.0950618768403955,934.4032953060248
2022-01-01_2022-12-31,z500,HRES,3 days,101.5,1.0954965712637181,910.7159079776708
2022-01-01_2022-12-31,z500,HRES,3 days,102.5,1.0956686362656958,892.0481497409335
2022-01-01_2022-12-31,z500,HRES,3 days,103.5,1.1046748389936554,884.1236565758287
2022-01-01_2022-12-31,z500,HRES,3 days,104.5,1.1090189151969365,859.809920174947
2022-01-01_2022-12-31,z500,HRES,3 days,105.5,1.1259643571174631,850.1390301008114
2022-01-01_2022-12-31,z500,HRES,3 days,106.5,1.1348358349638699,828.5992438833017
2022-01-01_2022-12-31,z500,HRES,3 days,107.5,1.1237531325088155,818.6420987505338
2022-01-01_2022-12-31,z500,HRES,3 days,108.5,1.1169438692979494,812.2138138708223
2022-01-01_2022-12-31,z500,HRES,3 days,109.5,1.1203515359687672,797.5074428541195
2022-01-01_2022-12-31,z500,HRES,3 days,110.5,1.1415519907884708,779.8159270384873
2022-01-01_2022-12-31,z500,HRES,3 days,111.5,1.1505806324820753,775.1660284785136
2022-01-01_2022-12-31,z500,HRES,3 days,112.5,1.1490770368632357,765.9687453707184
2022-01-01_2022-12-31,z500,HRES,3 days,113.5,1.1501243936578733,763.7254912357706
2022-01-01_2022-12-31,z500,HRES,3 days,114.5,1.1594671705600383,748.3931360312124
2022-01-01_2022-12-31,z500,HRES,3 days,115.5,1.1615868913337823,741.0718374030118
2022-01-01_2022-12-31,z500,HRES,3 days,116.5,1.169145052694333,739.8481556421013
2022-01-01_2022-12-31,z500,HRES,3 days,117.5,1.171834917240373,734.0653140032952
2022-01-01_2022-12-31,z500,HRES,3 days,118.5,1.162557280426291,725.6754221419246
2022-01-01_2022-12-31,z500,HRES,3 days,119.5,1.1613548879760707,720.9161414993686
2022-01-01_2022-12-31,z500,HRES,3 days,120.5,1.1646767695782814,722.9064971461711
2022-01-01_2022-12-31,z500,HRES,3 days,121.5,1.211674329411147,660.737072088428
2022-01-01_2022-12-31,z500,HRES,3 days,122.5,1.2274529802728265,623.6470516699999
2022-01-01_2022-12-31,z500,HRES,3 days,123.5,1.2751739897470549,593.6997014823811
2022-01-01_2022-12-31,z500,HRES,3 days,124.5,1.2878446603050548,573.9534973852667
2022-01-01_2022-12-31,z500,HRES,3 days,125.5,1.3059487932788547,557.3548024888864
2022-01-01_2022-12-31,z500,HRES,3 days,126.5,1.290584257566992,540.9442111100304
2022-01-01_2022-12-31,z500,HRES,3 days,127.5,1.32833938405378,525.7609700928788
2022-01-01_2022-12-31,z500,HRES,3 days,128.5,1.329883608126153,518.4852245525485
2022-01-01_2022-12-31,z500,HRES,3 days,129.5,1.352810902653913,508.06095967756823
2022-01-01_2022-12-31,z500,HRES,3 days,130.5,1.342480800674804,502.79637609688
2022-01-01_2022-12-31,z500,HRES,3 days,131.5,1.3766859742881679,494.5537980055116
2022-01-01_2022-12-31,z500,HRES,3 days,132.5,1.4321808563018392,487.66391789151817
2022-01-01_2022-12-31,z500,HRES,3 days,133.5,1.4068739647475972,473.29847978860766
2022-01-01_2022-12-31,z500,HRES,3 days,134.5,1.3484158496515544,429.21206815557224
2022-01-01_2022-12-31,z500,HRES,5 days,0.5,0.9974161179101301,0.08617619788909395
2022-01-01_2022-12-31,z500,HRES,5 days,1.5,0.9811450887924544,900081.1707090619
2022-01-01_2022-12-31,z500,HRES,5 days,2.5,0.9807347561607869,799930.2693508051
2022-01-01_2022-12-31,z500,HRES,5 days,3.5,0.9600388418081001,789163.635727649
2022-01-01_2022-12-31,z500,HRES,5 days,4.5,0.965452247768108,748046.321106779
2022-01-01_2022-12-31,z500,HRES,5 days,5.5,0.9737146342659433,637505.7741323089
2022-01-01_2022-12-31,z500,HRES,5 days,6.5,0.9838474076451315,559731.4829078026
2022-01-01_2022-12-31,z500,HRES,5 days,7.5,0.9634123148766626,465067.4796246557
2022-01-01_2022-12-31,z500,HRES,5 days,8.5,0.9640356008791513,393894.00171259907
2022-01-01_2022-12-31,z500,HRES,5 days,9.5,0.9777146950768555,332520.25173503085
2022-01-01_2022-12-31,z500,HRES,5 days,10.5,0.9740261329925621,273782.7615804003
2022-01-01_2022-12-31,z500,HRES,5 days,11.5,0.989534419350891,237454.04475356708
2022-01-01_2022-12-31,z500,HRES,5 days,12.5,0.9992181458429462,197677.77280284767
2022-01-01_2022-12-31,z500,HRES,5 days,13.5,0.9996188245874997,167351.50427751907
2022-01-01_2022-12-31,z500,HRES,5 days,14.5,1.0112880608911612,145900.38998303705
2022-01-01_2022-12-31,z500,HRES,5 days,15.5,1.0082217368241377,127282.5251788344
2022-01-01_2022-12-31,z500,HRES,5 days,16.5,0.9981851585360939,113003.44336194074
2022-01-01_2022-12-31,z500,HRES,5 days,17.5,0.9962891394860778,97401.44455643189
2022-01-01_2022-12-31,z500,HRES,5 days,18.5,1.0011048605819644,86287.34034582468
2022-01-01_2022-12-31,z500,HRES,5 days,19.5,1.0033137523480757,77043.30380864633
2022-01-01_2022-12-31,z500,HRES,5 days,20.5,1.0078941438474562,69017.73488344949
2022-01-01_2022-12-31,z500,HRES,5 days,21.5,1.00301669300672,60871.39574585781
2022-01-01_2022-12-31,z500,HRES,5 days,22.5,1.0064457017495965,55683.40581819058
2022-01-01_2022-12-31,z500,HRES,5 days,23.5,1.0102524461772555,50616.19016662359
2022-01-01_2022-12-31,z500,HRES,5 days,24.5,1.0057265359337682,45426.08148942606
2022-01-01_2022-12-31,z500,HRES,5 days,25.5,1.0025397503009943,41008.38690498189
2022-01-01_2022-12-31,z500,HRES,5 days,26.5,1.0017341313884394,37306.45984069417
2022-01-01_2022-12-31,z500,HRES,5 days,27.5,1.0024450788148422,34845.74776940534
2022-01-01_2022-12-31,z500,HRES,5 days,28.5,1.0028968577049624,32402.65829180211
2022-01-01_2022-12-31,z500,HRES,5 days,29.5,1.004810993422831,29247.034228147684
2022-01-01_2022-12-31,z500,HRES,5 days,30.5,1.0042583585497027,27378.92118526693
2022-01-01_2022-12-31,z500,HRES,5 days,31.5,1.0015257301191418,24999.28455894238
2022-01-01_2022-12-31,z500,HRES,5 days,32.5,1.0036705769789735,23725.66727968204
2022-01-01_2022-12-31,z500,HRES,5 days,33.5,1.0044474171427915,22001.156615682186
2022-01-01_2022-12-31,z500,HRES,5 days,34.5,1.0059251345571356,20284.540385791282
2022-01-01_2022-12-31,z500,HRES,5 days,35.5,1.0061483798446977,19592.433888386724
2022-01-01_2022-12-31,z500,HRES,5 days,36.5,1.0079448022854747,18036.23195354782
2022-01-01_2022-12-31,z500,HRES,5 days,37.5,1.0065427596248586,17321.188648972904
2022-01-01_2022-12-31,z500,HRES,5 days,38.5,1.0086822841013818,15925.14619216571
2022-01-01_2022-12-31,z500,HRES,5 days,39.5,1.0080332350818293,15374.912185986177
2022-01-01_2022-12-31,z500,HRES,5 days,40.5,1.0099980061949938,14882.022801915378
2022-01-01_2022-12-31,z500,HRES,5 days,41.5,1.0094809155125823,13737.585334313917
2022-01-01_2022-12-31,z500,HRES,5 days,42.5,1.0095456975304213,13299.970675284558
2022-01-01_2022-12-31,z500,HRES,5 days,43.5,1.008695400819322,12412.651396323567
2022-01-01_2022-12-31,z500,HRES,5 days,44.5,1.0076398214430886,12153.85357625541
2022-01-01_2022-12-31,z500,HRES,5 days,45.5,1.0075770232278436,11777.242993606109
2022-01-01_2022-12-31,z500,HRES,5 days,46.5,1.0070143154029474,11093.023465444345
2022-01-01_2022-12-31,z500,HRES,5 days,47.5,1.0073530882639445,10810.93609103971
2022-01-01_2022-12-31,z500,HRES,5 days,48.5,1.0069382188284701,10246.642164518185
2022-01-01_2022-12-31,z500,HRES,5 days,49.5,1.0077513173852082,10078.851647808966
2022-01-01_2022-12-31,z500,HRES,5 days,50.5,1.0081630732340119,9500.392654240657
2022-01-01_2022-12-31,z500,HRES,5 days,51.5,1.0073497833145233,9376.15289542565
2022-01-01_2022-12-31,z500,HRES,5 days,52.5,1.0066100163055338,9318.479335445942
2022-01-01_2022-12-31,z500,HRES,5 days,53.5,1.0067367026631036,8798.970732484926
2022-01-01_2022-12-31,z500,HRES,5 days,54.5,1.0075146645066682,8836.279888466086
2022-01-01_2022-12-31,z500,HRES,5 days,55.5,1.007851655772097,8196.107913029551
2022-01-01_2022-12-31,z500,HRES,5 days,56.5,1.0078553149343703,8344.16582396374
2022-01-01_2022-12-31,z500,HRES,5 days,57.5,1.0078342320790485,8085.450318201974
2022-01-01_2022-12-31,z500,HRES,5 days,58.5,1.0079129265790447,7944.880268566244
2022-01-01_2022-12-31,z500,HRES,5 days,59.5,1.007889778718568,7820.391043966811
2022-01-01_2022-12-31,z500,HRES,5 days,60.5,1.0075619083512144,7541.9564033905035
2022-01-01_2022-12-31,z500,HRES,5 days,61.5,1.0263546081661252,3066.7923996726813
2022-01-01_2022-12-31,z500,HRES,5 days,62.5,1.0238088383549475,2926.3371553383704
2022-01-01_2022-12-31,z500,HRES,5 days,63.5,1.0235197080213905,2821.209713194066
2022-01-01_2022-12-31,z500,HRES,5 days,64.5,1.0165615549649443,2732.960255033809
2022-01-01_2022-12-31,z500,HRES,5 days,65.5,1.0199889568965583,2617.1380771973713
2022-01-01_2022-12-31,z500,HRES,5 days,66.5,1.020899263843095,2546.3430702736396
2022-01-01_2022-12-31,z500,HRES,5 days,67.5,1.0193387687040916,2447.917504754704
2022-01-01_2022-12-31,z500,HRES,5 days,68.5,1.0137117079973395,2373.688476212311
2022-01-01_2022-12-31,z500,HRES,5 days,69.5,1.0043745813783496,2314.8734035775256
2022-01-01_2022-12-31,z500,HRES,5 days,70.5,1.0079867154752291,2194.3430334074974
2022-01-01_2022-12-31,z500,HRES,5 days,71.5,1.0179573126507055,2159.720383751211
2022-01-01_2022-12-31,z500,HRES,5 days,72.5,1.0131379464425398,2074.024345534338
2022-01-01_2022-12-31,z500,HRES,5 days,73.5,1.0004783388679817,2018.7538475511788
2022-01-01_2022-12-31,z500,HRES,5 days,74.5,1.018617773179927,1955.0259913480434
2022-01-01_2022-12-31,z500,HRES,5 days,75.5,1.0063497772846521,1894.75611276099
2022-01-01_2022-12-31,z500,HRES,5 days,76.5,1.0134786028922433,1844.7274790838107
2022-01-01_2022-12-31,z500,HRES,5 days,77.5,1.0025342567716193,1740.3212962783596
2022-01-01_2022-12-31,z500,HRES,5 days,78.5,1.01077121778555,1736.8970194531475
2022-01-01_2022-12-31,z500,HRES,5 days,79.5,1.023733014647023,1654.9154576863386
2022-01-01_2022-12-31,z500,HRES,5 days,80.5,1.0173540348882952,1624.9064069215653
2022-01-01_2022-12-31,z500,HRES,5 days,81.5,1.023226541422397,1585.6972238624048
2022-01-01_2022-12-31,z500,HRES,5 days,82.5,1.0257054275576332,1513.925349509306
2022-01-01_2022-12-31,z500,HRES,5 days,83.5,1.023367131943883,1499.7148022849456
2022-01-01_2022-12-31,z500,HRES,5 days,84.5,1.0299969970267315,1431.410868172496
2022-01-01_2022-12-31,z500,HRES,5 days,85.5,1.0292078320211313,1400.2295328363186
2022-01-01_2022-12-31,z500,HRES,5 days,86.5,1.0307943511675899,1373.7483752091598
2022-01-01_2022-12-31,z500,HRES,5 days,87.5,1.045463785635714,1317.1083326665218
2022-01-01_2022-12-31,z500,HRES,5 days,88.5,1.0412274330420652,1303.8777406253191
2022-01-01_2022-12-31,z500,HRES,5 days,89.5,1.0396700889479529,1255.7972184795774
2022-01-01_2022-12-31,z500,HRES,5 days,90.5,1.0487660704756179,1221.9811841957764
2022-01-01_2022-12-31,z500,HRES,5 days,91.5,1.046072304512024,1198.8819046134236
2022-01-01_2022-12-31,z500,HRES,5 days,92.5,1.0548814479520816,1162.1617117183428
2022-01-01_2022-12-31,z500,HRES,5 days,93.5,1.05287849869777,1137.6904251215335
2022-01-01_2022-12-31,z500,HRES,5 days,94.5,1.0696053641841912,1106.227289917288
2022-01-01_2022-12-31,z500,HRES,5 days,95.5,1.0656633343177981,1082.722602204079
2022-01-01_2022-12-31,z500,HRES,5 days,96.5,1.0612147302079031,1059.0049653778576
2022-01-01_2022-12-31,z500,HRES,5 days,97.5,1.0773325912389682,1033.1917670630828
2022-01-01_2022-12-31,z500,HRES,5 days,98.5,1.0769988758717506,1018.082577480218
2022-01-01_2022-12-31,z500,HRES,5 days,99.5,1.0765587777512584,990.6701871904181
2022-01-01_2022-12-31,z500,HRES,5 days,100.5,1.0920207622880453,976.2824666153122
2022-01-01_2022-12-31,z500,HRES,5 days,101.5,1.091120335501804,949.5507152590134
2022-01-01_2022-12-31,z500,HRES,5 days,102.5,1.0856335427775203,925.3840292467131
2022-01-01_2022-12-31,z500,HRES,5 days,103.5,1.0882042378401977,917.7504012341789
2022-01-01_2022-12-31,z500,HRES,5 days,104.5,1.113036206904022,894.5539471711497
2022-01-01_2022-12-31,z500,HRES,5 days,105.5,1.1222931063716353,882.935755767609
2022-01-01_2022-12-31,z500,HRES,5 days,106.5,1.1273871676972527,858.7414690435817
2022-01-01_2022-12-31,z500,HRES,5 days,107.5,1.1181534580718118,849.6312216052113
2022-01-01_2022-12-31,z500,HRES,5 days,108.5,1.1187799169895205,842.5239777188992
2022-01-01_2022-12-31,z500,HRES,5 days,109.5,1.115183014697362,829.8470336123182
2022-01-01_2022-12-31,z500,HRES,5 days,110.5,1.1423938027152445,808.2276781634783
2022-01-01_2022-12-31,z500,HRES,5 days,111.5,1.1320465294381594,803.6002273833326
2022-01-01_2022-12-31,z500,HRES,5 days,112.5,1.133891420033804,792.9208784915114
2022-01-01_2022-12-31,z500,HRES,5 days,113.5,1.1426355120790574,791.3104212398363
2022-01-01_2022-12-31,z500,HRES,5 days,114.5,1.153721130083532,773.1037849524508
2022-01-01_2022-12-31,z500,HRES,5 days,115.5,1.1618105088183401,766.9330013554468
2022-01-01_2022-12-31,z500,HRES,5 days,116.5,1.1726826683675629,764.9219939607063
2022-01-01_2022-12-31,z500,HRES,5 days,117.5,1.1676404840494066,759.7536221365118
2022-01-01_2022-12-31,z500,HRES,5 days,118.5,1.1642804474323016,751.5866904999799
2022-01-01_2022-12-31,z500,HRES,5 days,119.5,1.1594696349294482,746.2527523865195
2022-01-01_2022-12-31,z500,HRES,5 days,120.5,1.1540922374281537,748.6779267574132
2022-01-01_2022-12-31,z500,HRES,5 days,121.5,1.1921423439213708,679.7747223913443
2022-01-01_2022-12-31,z500,HRES,5 days,122.5,1.2349098304440005,647.7293102748865
2022-01-01_2022-12-31,z500,HRES,5 days,123.5,1.2531645922553996,611.5952877745431
2022-01-01_2022-12-31,z500,HRES,5 days,124.5,1.2833366172099767,593.9502303807344
2022-01-01_2022-12-31,z500,HRES,5 days,125.5,1.2878990637731138,576.8288964299499
2022-01-01_2022-12-31,z500,HRES,5 days,126.5,1.2911532439126507,557.6356604333585
2022-01-01_2022-12-31,z500,HRES,5 days,127.5,1.3257884534569713,543.7970176936561
2022-01-01_2022-12-31,z500,HRES,5 days,128.5,1.3242631163807004,535.9423857683255
2022-01-01_2022-12-31,z500,HRES,5 days,129.5,1.3437420291901745,521.8993200143956
2022-01-01_2022-12-31,z500,HRES,5 days,130.5,1.3661633438684138,522.0498004927259
2022-01-01_2022-12-31,z500,HRES,5 days,131.5,1.3782855484013135,508.271514198356
2022-01-01_2022-12-31,z500,HRES,5 days,132.5,1.401098930230643,494.92812210105103
2022-01-01_2022-12-31,z500,HRES,5 days,133.5,1.4521880575940622,487.5054974165417
2022-01-01_2022-12-31,z500,HRES,5 days,134.5,1.317226855190021,439.26882282381746
2022-01-01_2022-12-31,z500,HRES,7 days,0.5,0.9407063694765505,0.13668836432338724
2022-01-01_2022-12-31,z500,HRES,7 days,1.5,0.9757967289792241,1594296.047436814
2022-01-01_2022-12-31,z500,HRES,7 days,2.5,0.9619945613433495,1519781.1188381657
2022-01-01_2022-12-31,z500,HRES,7 days,3.5,0.9528377183521776,1487073.481374782
2022-01-01_2022-12-31,z500,HRES,7 days,4.5,0.9562352628024805,1365219.1951020893
2022-01-01_2022-12-31,z500,HRES,7 days,5.5,0.967183488970356,1138627.8773684518
2022-01-01_2022-12-31,z500,HRES,7 days,6.5,0.9611226109468084,972408.9867044919
2022-01-01_2022-12-31,z500,HRES,7 days,7.5,0.9571350311929963,784105.4267418003
2022-01-01_2022-12-31,z500,HRES,7 days,8.5,0.9627392864223253,630664.9159797342
2022-01-01_2022-12-31,z500,HRES,7 days,9.5,0.9530103963238967,513255.8955275811
2022-01-01_2022-12-31,z500,HRES,7 days,10.5,0.951360724598672,413281.4191653244
2022-01-01_2022-12-31,z500,HRES,7 days,11.5,0.9700887974400906,348795.8793494366
2022-01-01_2022-12-31,z500,HRES,7 days,12.5,0.9807413500716069,281342.97576973157
2022-01-01_2022-12-31,z500,HRES,7 days,13.5,0.9830166369239572,233306.7820756604
2022-01-01_2022-12-31,z500,HRES,7 days,14.5,0.9944763838337104,200568.32929760002
2022-01-01_2022-12-31,z500,HRES,7 days,15.5,0.9854196219219009,170877.94246234692
2022-01-01_2022-12-31,z500,HRES,7 days,16.5,0.9679577202370787,149694.82768557806
2022-01-01_2022-12-31,z500,HRES,7 days,17.5,0.9669641764947416,126697.79630332807
2022-01-01_2022-12-31,z500,HRES,7 days,18.5,0.974823595124039,111670.28899594146
2022-01-01_2022-12-31,z500,HRES,7 days,19.5,0.9721085743963336,99079.41933745267
2022-01-01_2022-12-31,z500,HRES,7 days,20.5,0.9729955341705029,88534.42170830541
2022-01-01_2022-12-31,z500,HRES,7 days,21.5,0.9723681265883098,77133.02206065855
2022-01-01_2022-12-31,z500,HRES,7 days,22.5,0.9765687600406594,70622.93688350942
2022-01-01_2022-12-31,z500,HRES,7 days,23.5,0.9780679324597972,64234.89799226927
2022-01-01_2022-12-31,z500,HRES,7 days,24.5,0.9710926792585542,57776.356545566254
2022-01-01_2022-12-31,z500,HRES,7 days,25.5,0.9716850864537169,52086.64141643453
2022-01-01_2022-12-31,z500,HRES,7 days,26.5,0.9709473171955151,47223.67791585695
2022-01-01_2022-12-31,z500,HRES,7 days,27.5,0.9696427707759303,44776.92602236034
2022-01-01_2022-12-31,z500,HRES,7 days,28.5,0.972897545698418,41803.0413522677
2022-01-01_2022-12-31,z500,HRES,7 days,29.5,0.9763869155946007,37681.65942793072
2022-01-01_2022-12-31,z500,HRES,7 days,30.5,0.9772986698587667,35577.79732516352
2022-01-01_2022-12-31,z500,HRES,7 days,31.5,0.9764679894436834,32638.290319946966
2022-01-01_2022-12-31,z500,HRES,7 days,32.5,0.9796569918358233,31332.232646215594
2022-01-01_2022-12-31,z500,HRES,7 days,33.5,0.9805615858602571,29402.407408112547
2022-01-01_2022-12-31,z500,HRES,7 days,34.5,0.980511681058973,27203.64083387441
2022-01-01_2022-12-31,z500,HRES,7 days,35.5,0.9796109504325473,26749.04511165656
2022-01-01_2022-12-31,z500,HRES,7 days,36.5,0.9811145437323349,24651.652340427234
2022-01-01_2022-12-31,z500,HRES,7 days,37.5,0.979817237065611,23815.27832155456
2022-01-01_2022-12-31,z500,HRES,7 days,38.5,0.9817389058635277,21959.059615906688
2022-01-01_2022-12-31,z500,HRES,7 days,39.5,0.9804426005263733,21445.15702409352
2022-01-01_2022-12-31,z500,HRES,7 days,40.5,0.9812385667079506,21136.25385350455
2022-01-01_2022-12-31,z500,HRES,7 days,41.5,0.9792518315208281,19406.822364351796
2022-01-01_2022-12-31,z500,HRES,7 days,42.5,0.9803736388642973,19068.943473596424
2022-01-01_2022-12-31,z500,HRES,7 days,43.5,0.9811373925471989,17927.246759200465
2022-01-01_2022-12-31,z500,HRES,7 days,44.5,0.9804872460776186,17758.14948127044
2022-01-01_2022-12-31,z500,HRES,7 days,45.5,0.9800989870230243,17384.644500205064
2022-01-01_2022-12-31,z500,HRES,7 days,46.5,0.9792154781543906,16421.244909777564
2022-01-01_2022-12-31,z500,HRES,7 days,47.5,0.9789286759681872,16179.369555765188
2022-01-01_2022-12-31,z500,HRES,7 days,48.5,0.9780448580495389,15412.267023258577
2022-01-01_2022-12-31,z500,HRES,7 days,49.5,0.9790498606562984,15298.668776866876
2022-01-01_2022-12-31,z500,HRES,7 days,50.5,0.978607042369325,14431.189859382828
2022-01-01_2022-12-31,z500,HRES,7 days,51.5,0.9781938730067699,14419.14162875817
2022-01-01_2022-12-31,z500,HRES,7 days,52.5,0.9782721513536348,14454.280603129968
2022-01-01_2022-12-31,z500,HRES,7 days,53.5,0.9784686072541408,13645.993408991248
2022-01-01_2022-12-31,z500,HRES,7 days,54.5,0.9792040687577488,13839.549928782097
2022-01-01_2022-12-31,z500,HRES,7 days,55.5,0.9797837935161657,12829.466075318374
2022-01-01_2022-12-31,z500,HRES,7 days,56.5,0.9799180501172933,13229.533572414686
2022-01-01_2022-12-31,z500,HRES,7 days,57.5,0.9797001838464471,12855.822173386496
2022-01-01_2022-12-31,z500,HRES,7 days,58.5,0.979744715128123,12693.16442504962
2022-01-01_2022-12-31,z500,HRES,7 days,59.5,0.9796351916150725,12537.928370498394
2022-01-01_2022-12-31,z500,HRES,7 days,60.5,0.9791257952256921,12117.191961750743
2022-01-01_2022-12-31,z500,HRES,7 days,61.5,1.0170188223249517,3122.51126727021
2022-01-01_2022-12-31,z500,HRES,7 days,62.5,1.0090006400005218,2972.075982830924
2022-01-01_2022-12-31,z500,HRES,7 days,63.5,1.0133380507217182,2872.427268165372
2022-01-01_2022-12-31,z500,HRES,7 days,64.5,1.0148515578931427,2795.2118318292673
2022-01-01_2022-12-31,z500,HRES,7 days,65.5,1.0172124723863547,2671.381819386883
2022-01-01_2022-12-31,z500,HRES,7 days,66.5,1.0042605283411923,2593.4501081860008
2022-01-01_2022-12-31,z500,HRES,7 days,67.5,1.0017395156587443,2492.8062304505893
2022-01-01_2022-12-31,z500,HRES,7 days,68.5,0.9989612493668538,2418.9694427347813
2022-01-01_2022-12-31,z500,HRES,7 days,69.5,0.9981407477226386,2351.914194461121
2022-01-01_2022-12-31,z500,HRES,7 days,70.5,0.9982447789857805,2245.67616550655
2022-01-01_2022-12-31,z500,HRES,7 days,71.5,1.010322879919247,2205.0640004807015
2022-01-01_2022-12-31,z500,HRES,7 days,72.5,0.9952726067739991,2104.4947291267345
2022-01-01_2022-12-31,z500,HRES,7 days,73.5,0.9940298589520953,2062.2080309628386
2022-01-01_2022-12-31,z500,HRES,7 days,74.5,1.0030620224337634,1986.1354384821698
2022-01-01_2022-12-31,z500,HRES,7 days,75.5,0.9934363043659369,1928.07184274563
2022-01-01_2022-12-31,z500,HRES,7 days,76.5,0.9992740635526048,1879.9740985382853
2022-01-01_2022-12-31,z500,HRES,7 days,77.5,1.006428407688145,1788.8140606399093
2022-01-01_2022-12-31,z500,HRES,7 days,78.5,0.9990087986429089,1770.671392187505
2022-01-01_2022-12-31,z500,HRES,7 days,79.5,1.021866915665712,1694.3576805022412
2022-01-01_2022-12-31,z500,HRES,7 days,80.5,1.0075932910192344,1653.0526446128172
2022-01-01_2022-12-31,z500,HRES,7 days,81.5,1.0015829720072702,1614.089840158068
2022-01-01_2022-12-31,z500,HRES,7 days,82.5,1.0277343628591507,1548.1714984710748
2022-01-01_2022-12-31,z500,HRES,7 days,83.5,1.0058895846968645,1529.02695770234
2022-01-01_2022-12-31,z500,HRES,7 days,84.5,1.0252927667305798,1460.861827135919
2022-01-01_2022-12-31,z500,HRES,7 days,85.5,1.0216570177636257,1435.3312697194258
2022-01-01_2022-12-31,z500,HRES,7 days,86.5,1.0229301283841752,1406.1063614125849
2022-01-01_2022-12-31,z500,HRES,7 days,87.5,1.0323737933839003,1345.790400237213
2022-01-01_2022-12-31,z500,HRES,7 days,88.5,1.0243335514617637,1328.7252072980375
2022-01-01_2022-12-31,z500,HRES,7 days,89.5,1.029716380738844,1280.93098857412
2022-01-01_2022-12-31,z500,HRES,7 days,90.5,1.026230299634345,1246.555518181172
2022-01-01_2022-12-31,z500,HRES,7 days,91.5,1.0330535087010182,1228.9992410011446
2022-01-01_2022-12-31,z500,HRES,7 days,92.5,1.0414035032374669,1192.327491841665
2022-01-01_2022-12-31,z500,HRES,7 days,93.5,1.0335871824778038,1162.4838339076327
2022-01-01_2022-12-31,z500,HRES,7 days,94.5,1.0529633073066742,1134.0866424358858
2022-01-01_2022-12-31,z500,HRES,7 days,95.5,1.045304011868473,1112.1891068272682
2022-01-01_2022-12-31,z500,HRES,7 days,96.5,1.0459880137492286,1084.2559749847408
2022-01-01_2022-12-31,z500,HRES,7 days,97.5,1.0577562738602835,1055.2338729947548
2022-01-01_2022-12-31,z500,HRES,7 days,98.5,1.0588919539484938,1042.9769277228718
2022-01-01_2022-12-31,z500,HRES,7 days,99.5,1.0607492563418988,1010.7507277834123
2022-01-01_2022-12-31,z500,HRES,7 days,100.5,1.074987829375122,996.961768412941
2022-01-01_2022-12-31,z500,HRES,7 days,101.5,1.0775831014662214,974.8134871642044
2022-01-01_2022-12-31,z500,HRES,7 days,102.5,1.0661422176087063,951.9738662885268
2022-01-01_2022-12-31,z500,HRES,7 days,103.5,1.0755532049967351,942.4007190952502
2022-01-01_2022-12-31,z500,HRES,7 days,104.5,1.0948576820399432,915.8034848127303
2022-01-01_2022-12-31,z500,HRES,7 days,105.5,1.093525373747168,903.9039599784444
2022-01-01_2022-12-31,z500,HRES,7 days,106.5,1.109406470253515,882.2213582158472
2022-01-01_2022-12-31,z500,HRES,7 days,107.5,1.1063427323341513,875.9096043700108
2022-01-01_2022-12-31,z500,HRES,7 days,108.5,1.0970040992189094,866.5605664645935
2022-01-01_2022-12-31,z500,HRES,7 days,109.5,1.1003573654673144,850.3811683646571
2022-01-01_2022-12-31,z500,HRES,7 days,110.5,1.1297207248517356,833.2608546166232
2022-01-01_2022-12-31,z500,HRES,7 days,111.5,1.1276058980945385,826.9304121001494
2022-01-01_2022-12-31,z500,HRES,7 days,112.5,1.1367893644803109,817.8070784275335
2022-01-01_2022-12-31,z500,HRES,7 days,113.5,1.1318927968672592,810.8845138661761
2022-01-01_2022-12-31,z500,HRES,7 days,114.5,1.1397752170227082,794.5291698620387
2022-01-01_2022-12-31,z500,HRES,7 days,115.5,1.1530762090781097,787.3055089007796
2022-01-01_2022-12-31,z500,HRES,7 days,116.5,1.161043925488911,787.0398044248562
2022-01-01_2022-12-31,z500,HRES,7 days,117.5,1.1465082117484613,779.5910129170426
2022-01-01_2022-12-31,z500,HRES,7 days,118.5,1.1532121360083596,773.7084754185288
2022-01-01_2022-12-31,z500,HRES,7 days,119.5,1.1574774582571639,769.4856926929486
2022-01-01_2022-12-31,z500,HRES,7 days,120.5,1.1403318003809613,768.57940035859
2022-01-01_2022-12-31,z500,HRES,7 days,121.5,1.18840895236894,697.6534232189472
2022-01-01_2022-12-31,z500,HRES,7 days,122.5,1.2132773624722628,661.7698096867839
2022-01-01_2022-12-31,z500,HRES,7 days,123.5,1.2529201059085813,625.3564863353264
2022-01-01_2022-12-31,z500,HRES,7 days,124.5,1.2770532660300007,608.6551891483971
2022-01-01_2022-12-31,z500,HRES,7 days,125.5,1.2945565497867688,593.7646638199793
2022-01-01_2022-12-31,z500,HRES,7 days,126.5,1.2817250995232297,576.1892452070847
2022-01-01_2022-12-31,z500,HRES,7 days,127.5,1.3124733805824975,556.508264653152
2022-01-01_2022-12-31,z500,HRES,7 days,128.5,1.3099958892284693,543.8534102856256
2022-01-01_2022-12-31,z500,HRES,7 days,129.5,1.334494701196449,532.933674418778
2022-01-01_2022-12-31,z500,HRES,7 days,130.5,1.3341285907057794,522.1649472402602
2022-01-01_2022-12-31,z500,HRES,7 days,131.5,1.3385034998309393,516.660480152827
2022-01-01_2022-12-31,z500,HRES,7 days,132.5,1.400010882473937,511.6988056573965
2022-01-01_2022-12-31,z500,HRES,7 days,133.5,1.4050299666856658,500.77053450882005
2022-01-01_2022-12-31,z500,HRES,7 days,134.5,1.224662291160367,456.4754486399564
